10;37;0;30;7;0;0;6;0;0;4;0;(1,9);(2,8);(3,7);(4,6);(5,5);(6,4);(7,3);(8,2);(9,1);(10,0);(11,0);(12,0);(13,0);(14,0);(15,0);(16,0);(17,0);(18,0);(19,0);(20,0);(21,0);(22,0);(23,0);(24,0);(25,0);(26,0);(27,0);(28,0);(29,0);(30,0);(31,0);(32,2);(33,3);(34,3);(35,5);(36,6);(37,6);(38,8);(39,9);(40,9);(41,10);(42,10);(43,9);(44,10);(45,10);(46,9);(47,10);(48,10);(49,9);(50,10);
20;36;0;30;7;0;0;7;0;0;8;0;(1,12);(2,18);(3,17);(4,16);(5,15);(6,14);(7,13);(8,12);(9,11);(10,10);(11,9);(12,8);(13,7);(14,6);(15,5);(16,4);(17,3);(18,2);(19,0);(20,1);(21,0);(22,0);(23,0);(24,0);(25,0);(26,0);(27,0);(28,0);(29,0);(30,0);(31,0);(32,2);(33,3);(34,3);(35,5);(36,6);(37,6);(38,8);(39,9);(40,9);(41,11);(42,12);(43,12);(44,14);(45,15);(46,15);(47,17);(48,18);(49,18);(50,19);
30;36;0;30;7;0;0;7;0;0;13;0;(1,12);(2,21);(3,21);(4,21);(5,21);(6,21);(7,21);(8,21);(9,21);(10,20);(11,19);(12,18);(13,17);(14,16);(15,15);(16,14);(17,13);(18,12);(19,0);(20,10);(21,10);(22,9);(23,8);(24,0);(25,7);(26,0);(27,6);(28,5);(29,4);(30,0);(31,0);(32,5);(33,5);(34,4);(35,5);(36,6);(37,6);(38,8);(39,9);(40,9);(41,11);(42,12);(43,12);(44,14);(45,15);(46,15);(47,17);(48,18);(49,18);(50,20);
40;36;0;30;7;0;0;7;0;0;17;0;(1,12);(2,21);(3,21);(4,21);(5,21);(6,21);(7,21);(8,21);(9,21);(10,21);(11,21);(12,21);(13,21);(14,21);(15,21);(16,21);(17,21);(18,21);(19,0);(20,16);(21,19);(22,18);(23,17);(24,0);(25,16);(26,0);(27,15);(28,8);(29,13);(30,0);(31,0);(32,14);(33,14);(34,13);(35,14);(36,6);(37,15);(38,8);(39,17);(40,11);(41,17);(42,17);(43,16);(44,17);(45,15);(46,17);(47,18);(48,18);(49,18);(50,20);
50;37;0;30;7;0;0;6;0;0;21;0;(1,12);(2,21);(3,28);(4,21);(5,21);(6,27);(7,26);(8,25);(9,24);(10,23);(11,22);(12,21);(13,21);(14,21);(15,21);(16,21);(17,21);(18,21);(19,0);(20,16);(21,20);(22,20);(23,20);(24,0);(25,20);(26,0);(27,20);(28,8);(29,19);(30,0);(31,0);(32,21);(33,22);(34,22);(35,24);(36,6);(37,24);(38,8);(39,26);(40,16);(41,26);(42,26);(43,25);(44,26);(45,15);(46,27);(47,28);(48,28);(49,27);(50,20);
60;37;0;30;6;0;0;7;0;0;26;0;(1,12);(2,21);(3,36);(4,21);(5,21);(6,36);(7,35);(8,34);(9,33);(10,33);(11,32);(12,21);(13,31);(14,27);(15,21);(16,29);(17,28);(18,27);(19,0);(20,16);(21,25);(22,24);(23,23);(24,0);(25,20);(26,0);(27,22);(28,8);(29,20);(30,0);(31,0);(32,21);(33,22);(34,22);(35,24);(36,6);(37,25);(38,8);(39,28);(40,17);(41,28);(42,29);(43,29);(44,31);(45,15);(46,32);(47,34);(48,35);(49,35);(50,20);
70;36;0;30;7;0;0;7;0;0;30;0;(1,12);(2,21);(3,36);(4,21);(5,21);(6,37);(7,37);(8,37);(9,37);(10,37);(11,37);(12,21);(13,37);(14,27);(15,21);(16,36);(17,36);(18,35);(19,0);(20,16);(21,34);(22,33);(23,32);(24,0);(25,20);(26,0);(27,31);(28,8);(29,30);(30,0);(31,0);(32,31);(33,31);(34,22);(35,24);(36,6);(37,33);(38,8);(39,35);(40,17);(41,34);(42,34);(43,33);(44,34);(45,15);(46,34);(47,35);(48,35);(49,35);(50,20);
80;37;0;30;7;0;0;6;0;0;34;0;(1,12);(2,21);(3,36);(4,21);(5,21);(6,43);(7,42);(8,41);(9,41);(10,40);(11,39);(12,21);(13,38);(14,27);(15,21);(16,36);(17,36);(18,36);(19,0);(20,16);(21,35);(22,35);(23,35);(24,0);(25,20);(26,0);(27,35);(28,8);(29,34);(30,0);(31,0);(32,36);(33,37);(34,22);(35,24);(36,6);(37,40);(38,8);(39,43);(40,17);(41,42);(42,43);(43,42);(44,43);(45,15);(46,43);(47,45);(48,40);(49,43);(50,20);
90;36;0;30;7;0;0;7;0;0;38;0;(1,12);(2,21);(3,36);(4,21);(5,21);(6,50);(7,50);(8,49);(9,49);(10,45);(11,47);(12,21);(13,46);(14,27);(15,21);(16,36);(17,38);(18,42);(19,0);(20,16);(21,41);(22,40);(23,39);(24,0);(25,20);(26,0);(27,35);(28,8);(29,37);(30,0);(31,0);(32,38);(33,39);(34,22);(35,24);(36,6);(37,41);(38,8);(39,44);(40,17);(41,43);(42,44);(43,44);(44,46);(45,15);(46,47);(47,49);(48,40);(49,48);(50,20);
100;37;0;30;7;0;0;6;0;0;43;0;(1,12);(2,21);(3,36);(4,21);(5,21);(6,52);(7,51);(8,51);(9,50);(10,45);(11,49);(12,21);(13,49);(14,27);(15,21);(16,36);(17,38);(18,46);(19,0);(20,16);(21,45);(22,45);(23,45);(24,0);(25,20);(26,0);(27,35);(28,8);(29,44);(30,0);(31,0);(32,46);(33,42);(34,22);(35,24);(36,6);(37,47);(38,8);(39,45);(40,17);(41,50);(42,50);(43,49);(44,50);(45,15);(46,51);(47,49);(48,40);(49,52);(50,20);
110;36;0;30;7;0;0;7;0;0;47;0;(1,12);(2,21);(3,36);(4,21);(5,21);(6,58);(7,57);(8,57);(9,56);(10,45);(11,55);(12,21);(13,49);(14,27);(15,21);(16,36);(17,38);(18,52);(19,0);(20,16);(21,50);(22,49);(23,49);(24,0);(25,20);(26,0);(27,35);(28,8);(29,44);(30,0);(31,0);(32,49);(33,42);(34,22);(35,24);(36,6);(37,50);(38,8);(39,46);(40,17);(41,52);(42,53);(43,49);(44,53);(45,15);(46,54);(47,49);(48,40);(49,53);(50,20);
120;37;0;30;6;0;0;7;0;0;52;0;(1,12);(2,21);(3,36);(4,21);(5,21);(6,61);(7,62);(8,59);(9,61);(10,45);(11,60);(12,21);(13,49);(14,27);(15,21);(16,36);(17,38);(18,56);(19,0);(20,16);(21,54);(22,54);(23,54);(24,0);(25,20);(26,0);(27,35);(28,8);(29,44);(30,0);(31,0);(32,55);(33,42);(34,22);(35,24);(36,6);(37,56);(38,8);(39,46);(40,17);(41,58);(42,59);(43,49);(44,59);(45,15);(46,60);(47,49);(48,40);(49,53);(50,20);
130;36;0;30;7;0;0;7;0;0;56;0;(1,12);(2,21);(3,36);(4,21);(5,21);(6,62);(7,67);(8,59);(9,62);(10,45);(11,65);(12,21);(13,49);(14,27);(15,21);(16,36);(17,38);(18,62);(19,0);(20,16);(21,54);(22,54);(23,59);(24,0);(25,20);(26,0);(27,35);(28,8);(29,44);(30,0);(31,0);(32,60);(33,42);(34,22);(35,24);(36,6);(37,62);(38,8);(39,46);(40,17);(41,64);(42,64);(43,49);(44,65);(45,15);(46,66);(47,49);(48,40);(49,53);(50,20);
140;37;0;30;6;0;0;7;0;0;61;0;(1,12);(2,21);(3,36);(4,21);(5,21);(6,62);(7,69);(8,59);(9,62);(10,45);(11,71);(12,21);(13,49);(14,27);(15,21);(16,36);(17,38);(18,68);(19,0);(20,16);(21,54);(22,54);(23,65);(24,0);(25,20);(26,0);(27,35);(28,8);(29,44);(30,0);(31,0);(32,66);(33,42);(34,22);(35,24);(36,6);(37,68);(38,8);(39,46);(40,17);(41,70);(42,69);(43,49);(44,69);(45,15);(46,70);(47,49);(48,40);(49,53);(50,20);
150;36;0;29;7;0;1;7;0;0;66;0;(1,12);(2,21);(3,36);(4,21);(5,21);(6,62);(7,71);(8,59);(9,62);(10,45);(11,77);(12,21);(13,49);(14,27);(15,21);(16,36);(17,38);(18,73);(19,0);(20,16);(21,54);(22,54);(23,66);(24,0);(25,20);(26,0);(27,35);(28,8);(29,44);(30,0);(31,0);(32,69);(33,42);(34,22);(35,24);(36,6);(37,70);(38,8);(39,46);(40,17);(41,73);(42,69);(43,49);(44,73);(45,17);(46,75);(47,49);(48,40);(49,53);(50,20);
160;36;0;29;7;0;1;7;0;0;70;0;(1,12);(2,21);(3,36);(4,21);(5,21);(6,62);(7,73);(8,59);(9,62);(10,45);(11,81);(12,21);(13,49);(14,27);(15,21);(16,36);(17,38);(18,77);(19,0);(20,16);(21,54);(22,54);(23,66);(24,0);(25,20);(26,0);(27,35);(28,8);(29,44);(30,0);(31,0);(32,74);(33,42);(34,22);(35,24);(36,6);(37,76);(38,8);(39,46);(40,17);(41,76);(42,69);(43,49);(44,77);(45,21);(46,79);(47,49);(48,40);(49,53);(50,20);
170;36;0;29;7;0;1;7;0;0;75;0;(1,12);(2,21);(3,36);(4,21);(5,21);(6,62);(7,75);(8,59);(9,62);(10,45);(11,84);(12,21);(13,49);(14,27);(15,21);(16,36);(17,38);(18,81);(19,0);(20,16);(21,54);(22,54);(23,66);(24,0);(25,20);(26,0);(27,35);(28,8);(29,44);(30,0);(31,0);(32,78);(33,42);(34,22);(35,24);(36,6);(37,80);(38,8);(39,46);(40,17);(41,78);(42,69);(43,49);(44,80);(45,23);(46,81);(47,49);(48,40);(49,53);(50,20);
180;36;0;29;7;0;1;7;0;0;80;0;(1,12);(2,21);(3,36);(4,21);(5,21);(6,62);(7,79);(8,59);(9,62);(10,45);(11,88);(12,21);(13,49);(14,27);(15,21);(16,36);(17,38);(18,81);(19,0);(20,16);(21,58);(22,54);(23,66);(24,0);(25,20);(26,0);(27,35);(28,8);(29,44);(30,0);(31,0);(32,82);(33,42);(34,22);(35,24);(36,6);(37,84);(38,8);(39,46);(40,17);(41,78);(42,69);(43,49);(44,85);(45,28);(46,85);(47,49);(48,40);(49,53);(50,20);
190;35;0;29;8;0;1;7;0;0;85;0;(1,12);(2,21);(3,36);(4,21);(5,21);(6,62);(7,83);(8,59);(9,62);(10,45);(11,92);(12,21);(13,49);(14,27);(15,21);(16,36);(17,38);(18,84);(19,0);(20,16);(21,61);(22,54);(23,66);(24,0);(25,20);(26,0);(27,35);(28,8);(29,44);(30,0);(31,0);(32,84);(33,42);(34,22);(35,24);(36,6);(37,88);(38,8);(39,46);(40,17);(41,78);(42,69);(43,49);(44,85);(45,33);(46,91);(47,49);(48,40);(49,53);(50,20);
200;33;0;26;10;0;4;7;0;0;89;0;(1,12);(2,21);(3,36);(4,21);(5,21);(6,62);(7,85);(8,59);(9,62);(10,45);(11,92);(12,21);(13,49);(14,27);(15,21);(16,36);(17,38);(18,85);(19,0);(20,16);(21,62);(22,54);(23,66);(24,0);(25,20);(26,1);(27,35);(28,8);(29,44);(30,0);(31,1);(32,85);(33,42);(34,22);(35,24);(36,6);(37,88);(38,8);(39,46);(40,18);(41,78);(42,69);(43,49);(44,85);(45,33);(46,91);(47,49);(48,40);(49,53);(50,20);
210;31;0;24;12;0;6;7;0;0;94;0;(1,12);(2,21);(3,36);(4,21);(5,21);(6,62);(7,85);(8,59);(9,62);(10,45);(11,92);(12,21);(13,49);(14,27);(15,21);(16,36);(17,38);(18,85);(19,0);(20,16);(21,62);(22,54);(23,66);(24,0);(25,20);(26,1);(27,36);(28,8);(29,44);(30,0);(31,1);(32,85);(33,42);(34,23);(35,24);(36,6);(37,88);(38,8);(39,46);(40,18);(41,78);(42,69);(43,49);(44,85);(45,33);(46,91);(47,49);(48,40);(49,53);(50,20);
220;29;0;21;14;0;9;7;0;0;99;0;(1,12);(2,21);(3,36);(4,21);(5,21);(6,62);(7,85);(8,59);(9,62);(10,45);(11,92);(12,21);(13,49);(14,27);(15,21);(16,36);(17,38);(18,85);(19,1);(20,16);(21,62);(22,54);(23,66);(24,0);(25,20);(26,1);(27,36);(28,8);(29,44);(30,0);(31,1);(32,85);(33,42);(34,23);(35,24);(36,6);(37,88);(38,9);(39,46);(40,18);(41,78);(42,69);(43,49);(44,85);(45,33);(46,91);(47,49);(48,40);(49,53);(50,20);
230;26;0;19;17;0;11;7;0;0;104;0;(1,12);(2,21);(3,36);(4,21);(5,21);(6,62);(7,85);(8,59);(9,62);(10,45);(11,92);(12,22);(13,49);(14,27);(15,21);(16,36);(17,38);(18,85);(19,1);(20,17);(21,62);(22,54);(23,66);(24,0);(25,21);(26,1);(27,36);(28,8);(29,44);(30,0);(31,1);(32,85);(33,42);(34,23);(35,24);(36,6);(37,88);(38,9);(39,46);(40,18);(41,78);(42,69);(43,49);(44,85);(45,33);(46,91);(47,49);(48,40);(49,53);(50,20);
240;25;0;18;18;0;12;7;0;0;109;0;(1,12);(2,21);(3,36);(4,21);(5,21);(6,62);(7,85);(8,59);(9,62);(10,45);(11,92);(12,22);(13,49);(14,27);(15,21);(16,36);(17,38);(18,85);(19,1);(20,17);(21,62);(22,54);(23,66);(24,0);(25,21);(26,1);(27,36);(28,8);(29,44);(30,0);(31,1);(32,85);(33,42);(34,23);(35,24);(36,6);(37,88);(38,9);(39,46);(40,18);(41,78);(42,69);(43,49);(44,85);(45,33);(46,91);(47,49);(48,40);(49,53);(50,21);
250;25;0;18;18;0;12;7;0;0;114;0;(1,12);(2,21);(3,36);(4,21);(5,21);(6,62);(7,85);(8,59);(9,62);(10,45);(11,92);(12,22);(13,49);(14,27);(15,21);(16,36);(17,38);(18,85);(19,1);(20,17);(21,62);(22,54);(23,66);(24,0);(25,21);(26,1);(27,36);(28,8);(29,44);(30,0);(31,1);(32,85);(33,42);(34,23);(35,24);(36,6);(37,88);(38,9);(39,46);(40,18);(41,78);(42,69);(43,49);(44,85);(45,33);(46,91);(47,49);(48,40);(49,53);(50,21);
260;25;0;17;18;0;13;7;0;0;118;0;(1,12);(2,21);(3,36);(4,21);(5,21);(6,62);(7,85);(8,59);(9,62);(10,45);(11,92);(12,22);(13,49);(14,27);(15,21);(16,36);(17,38);(18,85);(19,1);(20,17);(21,62);(22,54);(23,66);(24,0);(25,21);(26,1);(27,36);(28,8);(29,44);(30,0);(31,1);(32,85);(33,42);(34,23);(35,24);(36,6);(37,88);(38,9);(39,46);(40,18);(41,78);(42,69);(43,49);(44,85);(45,33);(46,91);(47,49);(48,40);(49,53);(50,21);
270;23;0;16;20;0;14;7;0;0;123;0;(1,12);(2,21);(3,36);(4,21);(5,21);(6,62);(7,85);(8,59);(9,62);(10,45);(11,92);(12,22);(13,49);(14,27);(15,21);(16,36);(17,38);(18,85);(19,1);(20,17);(21,62);(22,54);(23,66);(24,0);(25,21);(26,1);(27,36);(28,8);(29,44);(30,1);(31,1);(32,85);(33,42);(34,23);(35,25);(36,6);(37,88);(38,9);(39,46);(40,18);(41,78);(42,69);(43,49);(44,85);(45,33);(46,91);(47,49);(48,40);(49,53);(50,21);
280;23;0;16;20;0;14;7;0;0;127;0;(1,12);(2,21);(3,36);(4,21);(5,21);(6,62);(7,85);(8,59);(9,62);(10,45);(11,92);(12,22);(13,49);(14,27);(15,21);(16,36);(17,38);(18,85);(19,1);(20,17);(21,62);(22,54);(23,66);(24,0);(25,21);(26,1);(27,36);(28,8);(29,44);(30,1);(31,1);(32,85);(33,42);(34,23);(35,25);(36,6);(37,88);(38,9);(39,46);(40,18);(41,78);(42,69);(43,49);(44,85);(45,33);(46,91);(47,49);(48,40);(49,53);(50,21);
290;22;0;15;21;0;15;7;0;0;131;0;(1,12);(2,21);(3,36);(4,21);(5,21);(6,62);(7,85);(8,59);(9,62);(10,45);(11,92);(12,22);(13,49);(14,27);(15,21);(16,37);(17,38);(18,85);(19,1);(20,17);(21,62);(22,54);(23,66);(24,0);(25,21);(26,1);(27,36);(28,8);(29,44);(30,1);(31,1);(32,85);(33,42);(34,23);(35,25);(36,6);(37,88);(38,9);(39,46);(40,18);(41,78);(42,69);(43,49);(44,85);(45,33);(46,91);(47,49);(48,40);(49,53);(50,21);
300;22;0;15;21;0;15;7;0;0;135;0;(1,12);(2,21);(3,36);(4,21);(5,21);(6,62);(7,85);(8,59);(9,62);(10,45);(11,92);(12,22);(13,49);(14,27);(15,21);(16,37);(17,38);(18,85);(19,1);(20,17);(21,62);(22,54);(23,66);(24,0);(25,21);(26,1);(27,36);(28,8);(29,44);(30,1);(31,1);(32,85);(33,42);(34,23);(35,25);(36,6);(37,88);(38,9);(39,46);(40,18);(41,78);(42,69);(43,49);(44,85);(45,33);(46,91);(47,49);(48,40);(49,53);(50,21);
310;21;0;14;22;0;16;7;0;0;140;0;(1,12);(2,21);(3,36);(4,21);(5,21);(6,62);(7,85);(8,59);(9,62);(10,45);(11,92);(12,22);(13,49);(14,27);(15,22);(16,37);(17,38);(18,85);(19,1);(20,17);(21,62);(22,54);(23,66);(24,0);(25,21);(26,1);(27,36);(28,8);(29,44);(30,1);(31,1);(32,85);(33,42);(34,23);(35,25);(36,6);(37,88);(38,9);(39,46);(40,18);(41,78);(42,69);(43,49);(44,85);(45,33);(46,91);(47,49);(48,40);(49,53);(50,21);
320;21;0;14;22;0;16;7;0;0;146;0;(1,12);(2,21);(3,36);(4,21);(5,21);(6,62);(7,85);(8,59);(9,62);(10,45);(11,92);(12,22);(13,49);(14,27);(15,22);(16,37);(17,38);(18,85);(19,1);(20,17);(21,62);(22,54);(23,66);(24,0);(25,21);(26,1);(27,36);(28,8);(29,44);(30,1);(31,1);(32,85);(33,42);(34,23);(35,25);(36,6);(37,88);(38,9);(39,46);(40,18);(41,78);(42,69);(43,49);(44,85);(45,33);(46,91);(47,49);(48,40);(49,53);(50,21);
330;21;0;14;22;0;16;7;0;0;152;0;(1,12);(2,21);(3,36);(4,21);(5,21);(6,62);(7,85);(8,59);(9,62);(10,45);(11,92);(12,22);(13,49);(14,27);(15,22);(16,37);(17,38);(18,85);(19,1);(20,17);(21,62);(22,54);(23,66);(24,0);(25,21);(26,1);(27,36);(28,8);(29,44);(30,1);(31,1);(32,85);(33,42);(34,23);(35,25);(36,6);(37,88);(38,9);(39,46);(40,18);(41,78);(42,69);(43,49);(44,85);(45,33);(46,91);(47,49);(48,40);(49,53);(50,21);
340;21;0;14;22;0;16;7;0;0;157;0;(1,12);(2,21);(3,36);(4,21);(5,21);(6,62);(7,85);(8,59);(9,62);(10,45);(11,92);(12,22);(13,49);(14,27);(15,22);(16,37);(17,38);(18,85);(19,1);(20,17);(21,62);(22,54);(23,66);(24,0);(25,21);(26,1);(27,36);(28,8);(29,44);(30,1);(31,1);(32,85);(33,42);(34,23);(35,25);(36,6);(37,88);(38,9);(39,46);(40,18);(41,78);(42,69);(43,49);(44,85);(45,33);(46,91);(47,49);(48,40);(49,53);(50,21);
350;21;0;14;22;0;16;7;0;0;163;0;(1,12);(2,21);(3,36);(4,21);(5,21);(6,62);(7,85);(8,59);(9,62);(10,45);(11,92);(12,22);(13,49);(14,27);(15,22);(16,37);(17,38);(18,85);(19,1);(20,17);(21,62);(22,54);(23,66);(24,0);(25,21);(26,1);(27,36);(28,8);(29,44);(30,1);(31,1);(32,85);(33,42);(34,23);(35,25);(36,6);(37,88);(38,9);(39,46);(40,18);(41,78);(42,69);(43,49);(44,85);(45,33);(46,91);(47,49);(48,40);(49,53);(50,21);
360;21;0;13;22;0;17;7;0;0;168;0;(1,12);(2,21);(3,36);(4,21);(5,21);(6,62);(7,85);(8,59);(9,62);(10,45);(11,92);(12,22);(13,49);(14,27);(15,22);(16,37);(17,38);(18,85);(19,1);(20,17);(21,62);(22,54);(23,66);(24,0);(25,21);(26,1);(27,36);(28,8);(29,44);(30,1);(31,1);(32,85);(33,42);(34,23);(35,25);(36,6);(37,88);(38,9);(39,46);(40,18);(41,78);(42,69);(43,49);(44,85);(45,33);(46,91);(47,49);(48,40);(49,53);(50,21);
370;20;0;13;23;0;17;7;0;0;174;0;(1,13);(2,21);(3,36);(4,21);(5,21);(6,62);(7,85);(8,59);(9,62);(10,45);(11,92);(12,22);(13,49);(14,27);(15,22);(16,37);(17,38);(18,85);(19,1);(20,17);(21,62);(22,54);(23,66);(24,0);(25,21);(26,1);(27,36);(28,8);(29,44);(30,1);(31,1);(32,85);(33,42);(34,23);(35,25);(36,6);(37,88);(38,9);(39,46);(40,18);(41,78);(42,69);(43,49);(44,85);(45,33);(46,91);(47,49);(48,40);(49,53);(50,21);
380;19;0;12;24;0;18;7;0;0;179;0;(1,13);(2,21);(3,36);(4,21);(5,21);(6,62);(7,85);(8,59);(9,62);(10,45);(11,92);(12,22);(13,49);(14,27);(15,22);(16,37);(17,38);(18,85);(19,1);(20,17);(21,62);(22,54);(23,66);(24,0);(25,21);(26,1);(27,36);(28,8);(29,44);(30,1);(31,1);(32,85);(33,42);(34,23);(35,25);(36,6);(37,88);(38,9);(39,46);(40,18);(41,78);(42,69);(43,49);(44,85);(45,33);(46,91);(47,49);(48,41);(49,53);(50,21);
390;19;0;12;24;0;18;7;0;0;184;0;(1,13);(2,21);(3,36);(4,21);(5,21);(6,62);(7,85);(8,59);(9,62);(10,45);(11,92);(12,22);(13,49);(14,27);(15,22);(16,37);(17,38);(18,85);(19,1);(20,17);(21,62);(22,54);(23,66);(24,0);(25,21);(26,1);(27,36);(28,8);(29,44);(30,1);(31,1);(32,85);(33,42);(34,23);(35,25);(36,6);(37,88);(38,9);(39,46);(40,18);(41,78);(42,69);(43,49);(44,85);(45,33);(46,91);(47,49);(48,41);(49,53);(50,21);
400;18;0;11;25;0;19;7;0;0;189;0;(1,13);(2,21);(3,36);(4,22);(5,21);(6,62);(7,85);(8,59);(9,62);(10,45);(11,92);(12,22);(13,49);(14,27);(15,22);(16,37);(17,38);(18,85);(19,1);(20,17);(21,62);(22,54);(23,66);(24,0);(25,21);(26,1);(27,36);(28,8);(29,44);(30,1);(31,1);(32,85);(33,42);(34,23);(35,25);(36,6);(37,88);(38,9);(39,46);(40,18);(41,78);(42,69);(43,49);(44,85);(45,33);(46,91);(47,49);(48,41);(49,53);(50,21);
410;18;0;11;25;0;19;7;0;0;194;0;(1,13);(2,21);(3,36);(4,22);(5,21);(6,62);(7,85);(8,59);(9,62);(10,45);(11,92);(12,22);(13,49);(14,27);(15,22);(16,37);(17,38);(18,85);(19,1);(20,17);(21,62);(22,54);(23,66);(24,0);(25,21);(26,1);(27,36);(28,8);(29,44);(30,1);(31,1);(32,85);(33,42);(34,23);(35,25);(36,6);(37,88);(38,9);(39,46);(40,18);(41,78);(42,69);(43,49);(44,85);(45,33);(46,91);(47,49);(48,41);(49,53);(50,21);
420;17;0;10;26;0;20;7;0;0;198;0;(1,13);(2,22);(3,36);(4,22);(5,21);(6,62);(7,85);(8,59);(9,62);(10,45);(11,92);(12,22);(13,49);(14,27);(15,22);(16,37);(17,38);(18,85);(19,1);(20,17);(21,62);(22,54);(23,66);(24,0);(25,21);(26,1);(27,36);(28,8);(29,44);(30,1);(31,1);(32,85);(33,42);(34,23);(35,25);(36,6);(37,88);(38,9);(39,46);(40,18);(41,78);(42,69);(43,49);(44,85);(45,33);(46,91);(47,49);(48,41);(49,53);(50,21);
430;17;0;10;26;0;20;7;0;0;203;0;(1,13);(2,22);(3,36);(4,22);(5,21);(6,62);(7,85);(8,59);(9,62);(10,45);(11,92);(12,22);(13,49);(14,27);(15,22);(16,37);(17,38);(18,85);(19,1);(20,17);(21,62);(22,54);(23,66);(24,0);(25,21);(26,1);(27,36);(28,8);(29,44);(30,1);(31,1);(32,85);(33,42);(34,23);(35,25);(36,6);(37,88);(38,9);(39,46);(40,18);(41,78);(42,69);(43,49);(44,85);(45,33);(46,91);(47,49);(48,41);(49,53);(50,21);
440;17;0;10;26;0;20;7;0;0;208;0;(1,13);(2,22);(3,36);(4,22);(5,21);(6,62);(7,85);(8,59);(9,62);(10,45);(11,92);(12,22);(13,49);(14,27);(15,22);(16,37);(17,38);(18,85);(19,1);(20,17);(21,62);(22,54);(23,66);(24,0);(25,21);(26,1);(27,36);(28,8);(29,44);(30,1);(31,1);(32,85);(33,42);(34,23);(35,25);(36,6);(37,88);(38,9);(39,46);(40,18);(41,78);(42,69);(43,49);(44,85);(45,33);(46,91);(47,49);(48,41);(49,53);(50,21);
450;15;0;8;28;0;22;7;0;0;213;0;(1,13);(2,22);(3,36);(4,22);(5,21);(6,62);(7,85);(8,60);(9,62);(10,45);(11,92);(12,22);(13,50);(14,30);(15,22);(16,41);(17,38);(18,89);(19,2);(20,17);(21,62);(22,54);(23,66);(24,0);(25,21);(26,1);(27,36);(28,8);(29,44);(30,1);(31,1);(32,85);(33,43);(34,25);(35,25);(36,6);(37,90);(38,10);(39,46);(40,18);(41,78);(42,69);(43,49);(44,85);(45,33);(46,91);(47,49);(48,41);(49,53);(50,21);
460;13;0;5;31;0;25;6;0;0;218;0;(1,13);(2,22);(3,36);(4,22);(5,21);(6,62);(7,85);(8,60);(9,62);(10,45);(11,92);(12,22);(13,50);(14,30);(15,22);(16,41);(17,38);(18,89);(19,3);(20,19);(21,62);(22,54);(23,66);(24,0);(25,23);(26,3);(27,38);(28,8);(29,44);(30,1);(31,1);(32,85);(33,45);(34,27);(35,27);(36,6);(37,92);(38,11);(39,49);(40,18);(41,78);(42,69);(43,49);(44,90);(45,33);(46,95);(47,50);(48,45);(49,53);(50,23);
470;12;0;5;31;0;25;7;0;0;223;0;(1,13);(2,22);(3,36);(4,22);(5,21);(6,65);(7,89);(8,64);(9,62);(10,45);(11,96);(12,22);(13,53);(14,32);(15,22);(16,43);(17,38);(18,91);(19,5);(20,21);(21,62);(22,54);(23,66);(24,0);(25,24);(26,3);(27,38);(28,8);(29,44);(30,1);(31,1);(32,85);(33,45);(34,27);(35,27);(36,6);(37,92);(38,11);(39,49);(40,18);(41,78);(42,69);(43,49);(44,91);(45,33);(46,97);(47,52);(48,47);(49,53);(50,25);
480;11;0;4;32;0;26;7;0;0;228;0;(1,13);(2,22);(3,36);(4,22);(5,21);(6,65);(7,89);(8,64);(9,62);(10,45);(11,96);(12,22);(13,54);(14,34);(15,22);(16,45);(17,38);(18,93);(19,7);(20,23);(21,62);(22,54);(23,66);(24,0);(25,27);(26,7);(27,39);(28,8);(29,44);(30,1);(31,1);(32,85);(33,45);(34,27);(35,27);(36,7);(37,94);(38,11);(39,51);(40,18);(41,78);(42,69);(43,49);(44,92);(45,33);(46,97);(47,52);(48,47);(49,53);(50,25);
490;10;0;1;34;0;29;6;0;0;232;0;(1,13);(2,22);(3,36);(4,22);(5,21);(6,65);(7,91);(8,66);(9,62);(10,45);(11,96);(12,22);(13,54);(14,36);(15,22);(16,47);(17,39);(18,97);(19,10);(20,25);(21,62);(22,54);(23,66);(24,0);(25,27);(26,7);(27,40);(28,8);(29,44);(30,3);(31,1);(32,85);(33,45);(34,29);(35,29);(36,9);(37,94);(38,11);(39,51);(40,18);(41,78);(42,69);(43,49);(44,93);(45,33);(46,99);(47,54);(48,49);(49,53);(50,25);
500;8;0;6;35;0;29;7;0;0;237;0;(1,13);(2,22);(3,36);(4,22);(5,21);(6,65);(7,91);(8,66);(9,62);(10,45);(11,96);(12,22);(13,54);(14,36);(15,22);(16,47);(17,39);(18,97);(19,11);(20,27);(21,62);(22,57);(23,66);(24,3);(25,31);(26,7);(27,40);(28,8);(29,44);(30,7);(31,1);(32,85);(33,45);(34,33);(35,31);(36,13);(37,98);(38,11);(39,52);(40,18);(41,78);(42,69);(43,49);(44,94);(45,33);(46,99);(47,54);(48,49);(49,53);(50,25);
510;11;0;5;33;0;30;6;0;0;242;0;(1,13);(2,22);(3,36);(4,22);(5,21);(6,65);(7,93);(8,68);(9,62);(10,45);(11,97);(12,22);(13,56);(14,40);(15,22);(16,51);(17,39);(18,101);(19,15);(20,31);(21,62);(22,61);(23,66);(24,6);(25,33);(26,8);(27,40);(28,8);(29,44);(30,7);(31,1);(32,85);(33,45);(34,33);(35,31);(36,13);(37,98);(38,11);(39,52);(40,18);(41,78);(42,69);(43,49);(44,95);(45,33);(46,99);(47,54);(48,49);(49,53);(50,25);
520;10;0;5;35;0;30;5;0;0;247;0;(1,13);(2,22);(3,36);(4,22);(5,21);(6,65);(7,94);(8,68);(9,62);(10,45);(11,97);(12,22);(13,56);(14,40);(15,22);(16,51);(17,39);(18,101);(19,15);(20,31);(21,62);(22,61);(23,66);(24,7);(25,33);(26,9);(27,40);(28,9);(29,44);(30,9);(31,1);(32,85);(33,45);(34,35);(35,32);(36,13);(37,98);(38,11);(39,54);(40,18);(41,78);(42,69);(43,49);(44,97);(45,33);(46,101);(47,56);(48,51);(49,53);(50,27);
530;10;0;4;35;0;31;5;0;0;251;0;(1,13);(2,22);(3,36);(4,22);(5,22);(6,65);(7,97);(8,72);(9,62);(10,45);(11,97);(12,22);(13,60);(14,42);(15,22);(16,55);(17,39);(18,105);(19,19);(20,34);(21,62);(22,63);(23,66);(24,9);(25,34);(26,9);(27,40);(28,9);(29,44);(30,9);(31,1);(32,85);(33,45);(34,35);(35,32);(36,13);(37,98);(38,11);(39,54);(40,18);(41,78);(42,69);(43,49);(44,97);(45,33);(46,101);(47,56);(48,51);(49,53);(50,27);
540;10;0;4;36;0;31;4;0;0;256;0;(1,13);(2,22);(3,37);(4,22);(5,22);(6,65);(7,99);(8,74);(9,62);(10,45);(11,97);(12,22);(13,62);(14,44);(15,22);(16,56);(17,39);(18,105);(19,19);(20,35);(21,62);(22,63);(23,66);(24,11);(25,37);(26,12);(27,42);(28,11);(29,44);(30,11);(31,1);(32,85);(33,45);(34,37);(35,32);(36,15);(37,100);(38,11);(39,56);(40,18);(41,78);(42,69);(43,52);(44,100);(45,33);(46,103);(47,58);(48,53);(49,53);(50,29);
550;9;0;3;36;0;32;5;0;0;261;0;(1,13);(2,22);(3,43);(4,22);(5,22);(6,65);(7,103);(8,78);(9,62);(10,45);(11,97);(12,22);(13,63);(14,46);(15,22);(16,56);(17,39);(18,107);(19,19);(20,35);(21,62);(22,64);(23,66);(24,11);(25,37);(26,12);(27,42);(28,11);(29,44);(30,11);(31,1);(32,85);(33,45);(34,37);(35,32);(36,15);(37,100);(38,11);(39,56);(40,18);(41,78);(42,69);(43,52);(44,101);(45,33);(46,105);(47,60);(48,55);(49,56);(50,33);
560;9;0;3;36;0;32;5;0;0;265;0;(1,13);(2,22);(3,43);(4,22);(5,22);(6,65);(7,103);(8,78);(9,62);(10,45);(11,97);(12,22);(13,64);(14,48);(15,22);(16,57);(17,39);(18,111);(19,21);(20,39);(21,62);(22,64);(23,66);(24,12);(25,39);(26,12);(27,44);(28,11);(29,44);(30,13);(31,1);(32,85);(33,45);(34,39);(35,32);(36,17);(37,102);(38,11);(39,57);(40,18);(41,78);(42,69);(43,52);(44,101);(45,33);(46,105);(47,60);(48,55);(49,56);(50,33);
570;9;0;3;35;0;31;6;0;1;269;0;(1,13);(2,22);(3,45);(4,22);(5,22);(6,65);(7,103);(8,80);(9,62);(10,45);(11,97);(12,22);(13,65);(14,49);(15,22);(16,57);(17,39);(18,111);(19,21);(20,39);(21,62);(22,64);(23,66);(24,12);(25,39);(26,12);(27,44);(28,11);(29,44);(30,13);(31,1);(32,85);(33,45);(34,39);(35,32);(36,17);(37,102);(38,11);(39,58);(40,18);(41,78);(42,69);(43,54);(44,103);(45,33);(46,107);(47,62);(48,55);(49,58);(50,35);
580;9;0;3;34;0;30;7;0;2;274;0;(1,13);(2,22);(3,45);(4,22);(5,22);(6,65);(7,103);(8,80);(9,62);(10,45);(11,97);(12,22);(13,66);(14,50);(15,22);(16,58);(17,39);(18,111);(19,23);(20,41);(21,62);(22,64);(23,66);(24,12);(25,41);(26,12);(27,46);(28,13);(29,44);(30,13);(31,1);(32,85);(33,45);(34,41);(35,32);(36,20);(37,104);(38,11);(39,59);(40,18);(41,78);(42,69);(43,54);(44,103);(45,33);(46,107);(47,62);(48,55);(49,58);(50,35);
590;7;0;1;36;0;32;7;0;2;278;0;(1,13);(2,22);(3,45);(4,22);(5,22);(6,65);(7,103);(8,80);(9,62);(10,45);(11,97);(12,22);(13,66);(14,50);(15,22);(16,58);(17,39);(18,111);(19,23);(20,41);(21,62);(22,64);(23,66);(24,12);(25,41);(26,12);(27,46);(28,13);(29,45);(30,13);(31,1);(32,88);(33,45);(34,45);(35,32);(36,25);(37,108);(38,11);(39,59);(40,18);(41,78);(42,69);(43,55);(44,103);(45,33);(46,107);(47,62);(48,55);(49,58);(50,35);
600;6;0;0;36;0;32;8;0;3;283;0;(1,13);(2,22);(3,47);(4,22);(5,22);(6,65);(7,103);(8,82);(9,62);(10,45);(11,97);(12,22);(13,68);(14,51);(15,22);(16,58);(17,39);(18,111);(19,25);(20,43);(21,63);(22,64);(23,66);(24,12);(25,43);(26,12);(27,48);(28,15);(29,47);(30,13);(31,1);(32,89);(33,45);(34,45);(35,32);(36,25);(37,108);(38,11);(39,59);(40,18);(41,78);(42,69);(43,56);(44,105);(45,35);(46,107);(47,64);(48,55);(49,60);(50,37);
610;5;0;-1;37;0;33;8;0;3;288;0;(1,13);(2,22);(3,49);(4,22);(5,22);(6,65);(7,103);(8,82);(9,62);(10,45);(11,97);(12,22);(13,69);(14,52);(15,22);(16,58);(17,39);(18,111);(19,27);(20,45);(21,63);(22,65);(23,66);(24,12);(25,47);(26,12);(27,50);(28,17);(29,49);(30,13);(31,1);(32,92);(33,45);(34,48);(35,32);(36,27);(37,108);(38,11);(39,59);(40,18);(41,78);(42,69);(43,56);(44,107);(45,37);(46,107);(47,66);(48,55);(49,62);(50,39);
620;5;0;-1;35;0;31;10;0;5;293;0;(1,13);(2,22);(3,49);(4,22);(5,22);(6,65);(7,103);(8,84);(9,62);(10,45);(11,97);(12,22);(13,73);(14,56);(15,22);(16,58);(17,39);(18,111);(19,31);(20,49);(21,67);(22,69);(23,66);(24,12);(25,50);(26,12);(27,52);(28,19);(29,51);(30,13);(31,1);(32,92);(33,45);(34,50);(35,32);(36,29);(37,110);(38,11);(39,59);(40,18);(41,78);(42,69);(43,56);(44,109);(45,41);(46,107);(47,70);(48,55);(49,65);(50,41);
630;5;0;-1;35;0;31;10;0;5;297;0;(1,13);(2,22);(3,49);(4,22);(5,22);(6,65);(7,103);(8,86);(9,62);(10,45);(11,97);(12,22);(13,78);(14,62);(15,22);(16,58);(17,39);(18,111);(19,36);(20,53);(21,71);(22,69);(23,66);(24,12);(25,55);(26,12);(27,58);(28,24);(29,55);(30,13);(31,1);(32,94);(33,45);(34,54);(35,32);(36,33);(37,112);(38,11);(39,59);(40,18);(41,78);(42,69);(43,56);(44,109);(45,45);(46,107);(47,74);(48,55);(49,70);(50,46);
640;5;0;-1;36;0;31;9;0;5;302;0;(1,13);(2,22);(3,49);(4,22);(5,22);(6,65);(7,103);(8,88);(9,62);(10,45);(11,97);(12,22);(13,82);(14,66);(15,23);(16,58);(17,39);(18,111);(19,39);(20,57);(21,75);(22,73);(23,66);(24,12);(25,59);(26,12);(27,61);(28,27);(29,57);(30,13);(31,3);(32,98);(33,45);(34,57);(35,32);(36,39);(37,117);(38,11);(39,59);(40,18);(41,79);(42,69);(43,56);(44,111);(45,51);(46,107);(47,80);(48,55);(49,75);(50,51);
650;5;0;-1;35;0;31;10;0;5;306;0;(1,13);(2,22);(3,49);(4,22);(5,22);(6,65);(7,103);(8,94);(9,62);(10,45);(11,97);(12,22);(13,88);(14,71);(15,28);(16,58);(17,39);(18,111);(19,45);(20,63);(21,81);(22,78);(23,66);(24,12);(25,63);(26,12);(27,65);(28,31);(29,57);(30,13);(31,7);(32,102);(33,45);(34,57);(35,32);(36,42);(37,120);(38,11);(39,59);(40,18);(41,83);(42,69);(43,56);(44,115);(45,55);(46,107);(47,84);(48,55);(49,79);(50,55);
660;5;0;-1;35;0;31;10;0;5;311;0;(1,13);(2,22);(3,49);(4,22);(5,22);(6,65);(7,103);(8,98);(9,66);(10,45);(11,97);(12,22);(13,92);(14,76);(15,34);(16,58);(17,39);(18,111);(19,51);(20,69);(21,86);(22,83);(23,71);(24,12);(25,71);(26,12);(27,73);(28,39);(29,57);(30,13);(31,14);(32,108);(33,45);(34,57);(35,32);(36,49);(37,127);(38,11);(39,59);(40,18);(41,89);(42,69);(43,56);(44,120);(45,59);(46,107);(47,88);(48,55);(49,83);(50,59);
670;4;0;-2;36;0;32;10;0;5;316;0;(1,13);(2,22);(3,49);(4,22);(5,22);(6,65);(7,103);(8,104);(9,72);(10,45);(11,97);(12,22);(13,98);(14,81);(15,38);(16,58);(17,39);(18,111);(19,51);(20,73);(21,91);(22,88);(23,75);(24,12);(25,75);(26,12);(27,78);(28,44);(29,57);(30,13);(31,19);(32,114);(33,45);(34,57);(35,35);(36,49);(37,136);(38,11);(39,59);(40,18);(41,98);(42,69);(43,56);(44,120);(45,65);(46,107);(47,93);(48,55);(49,88);(50,65);
680;4;0;-2;36;0;32;10;0;5;321;0;(1,13);(2,22);(3,49);(4,22);(5,22);(6,65);(7,103);(8,108);(9,77);(10,45);(11,97);(12,22);(13,104);(14,88);(15,45);(16,58);(17,39);(18,111);(19,55);(20,76);(21,93);(22,91);(23,79);(24,12);(25,79);(26,12);(27,82);(28,48);(29,57);(30,13);(31,24);(32,118);(33,45);(34,57);(35,39);(36,50);(37,138);(38,11);(39,59);(40,20);(41,100);(42,69);(43,56);(44,120);(45,67);(46,107);(47,96);(48,55);(49,92);(50,69);
690;4;0;-2;36;0;32;10;0;5;326;0;(1,13);(2,22);(3,49);(4,22);(5,22);(6,65);(7,103);(8,111);(9,79);(10,48);(11,97);(12,24);(13,107);(14,90);(15,48);(16,58);(17,39);(18,111);(19,59);(20,78);(21,95);(22,93);(23,81);(24,12);(25,81);(26,12);(27,84);(28,51);(29,57);(30,13);(31,27);(32,122);(33,45);(34,57);(35,42);(36,50);(37,143);(38,11);(39,59);(40,24);(41,105);(42,69);(43,56);(44,120);(45,72);(46,107);(47,100);(48,55);(49,96);(50,73);
700;4;0;-2;35;0;31;11;0;6;331;0;(1,13);(2,22);(3,49);(4,22);(5,22);(6,65);(7,103);(8,116);(9,85);(10,52);(11,97);(12,30);(13,113);(14,90);(15,54);(16,58);(17,39);(18,111);(19,65);(20,82);(21,100);(22,97);(23,85);(24,12);(25,85);(26,12);(27,88);(28,55);(29,57);(30,13);(31,30);(32,124);(33,45);(34,57);(35,42);(36,50);(37,146);(38,11);(39,59);(40,27);(41,107);(42,69);(43,56);(44,120);(45,72);(46,107);(47,102);(48,55);(49,98);(50,75);
710;4;0;-2;35;0;31;11;0;6;336;0;(1,13);(2,22);(3,49);(4,22);(5,22);(6,65);(7,103);(8,120);(9,89);(10,52);(11,97);(12,33);(13,116);(14,90);(15,57);(16,58);(17,39);(18,111);(19,67);(20,82);(21,103);(22,101);(23,89);(24,12);(25,85);(26,12);(27,92);(28,59);(29,57);(30,13);(31,32);(32,128);(33,45);(34,57);(35,42);(36,50);(37,150);(38,11);(39,59);(40,31);(41,111);(42,69);(43,56);(44,120);(45,72);(46,107);(47,106);(48,55);(49,100);(50,79);
720;3;0;-3;36;0;32;11;0;6;341;0;(1,13);(2,22);(3,49);(4,22);(5,22);(6,65);(7,103);(8,120);(9,89);(10,52);(11,97);(12,34);(13,118);(14,90);(15,60);(16,58);(17,39);(18,111);(19,71);(20,82);(21,107);(22,105);(23,93);(24,12);(25,87);(26,15);(27,96);(28,63);(29,57);(30,13);(31,32);(32,131);(33,45);(34,57);(35,42);(36,50);(37,153);(38,11);(39,59);(40,34);(41,115);(42,69);(43,56);(44,120);(45,72);(46,107);(47,108);(48,55);(49,101);(50,79);
730;3;0;-3;36;0;32;11;0;6;346;0;(1,13);(2,22);(3,49);(4,22);(5,22);(6,65);(7,103);(8,124);(9,93);(10,52);(11,97);(12,38);(13,121);(14,90);(15,62);(16,58);(17,39);(18,111);(19,72);(20,82);(21,107);(22,105);(23,93);(24,12);(25,87);(26,15);(27,96);(28,63);(29,57);(30,13);(31,32);(32,132);(33,45);(34,57);(35,42);(36,50);(37,154);(38,11);(39,59);(40,36);(41,117);(42,69);(43,56);(44,120);(45,72);(46,107);(47,112);(48,55);(49,101);(50,83);
740;1;0;-4;38;0;33;11;0;6;351;0;(1,13);(2,22);(3,49);(4,22);(5,22);(6,65);(7,103);(8,124);(9,93);(10,52);(11,98);(12,40);(13,124);(14,90);(15,66);(16,58);(17,39);(18,111);(19,77);(20,82);(21,111);(22,109);(23,95);(24,12);(25,90);(26,17);(27,98);(28,63);(29,57);(30,13);(31,32);(32,132);(33,45);(34,57);(35,42);(36,50);(37,156);(38,11);(39,59);(40,38);(41,117);(42,72);(43,56);(44,120);(45,72);(46,107);(47,115);(48,55);(49,101);(50,85);
750;2;0;-4;37;0;33;11;0;6;356;0;(1,13);(2,22);(3,49);(4,22);(5,22);(6,65);(7,103);(8,128);(9,97);(10,52);(11,102);(12,44);(13,128);(14,90);(15,70);(16,58);(17,39);(18,111);(19,81);(20,82);(21,114);(22,111);(23,96);(24,12);(25,90);(26,17);(27,98);(28,63);(29,57);(30,13);(31,32);(32,132);(33,45);(34,57);(35,42);(36,50);(37,156);(38,11);(39,59);(40,38);(41,117);(42,72);(43,56);(44,120);(45,72);(46,107);(47,116);(48,55);(49,101);(50,87);
760;2;0;-4;36;0;32;12;0;7;361;0;(1,16);(2,22);(3,49);(4,22);(5,22);(6,65);(7,103);(8,130);(9,98);(10,52);(11,102);(12,44);(13,128);(14,90);(15,70);(16,58);(17,39);(18,111);(19,83);(20,82);(21,117);(22,115);(23,101);(24,12);(25,90);(26,23);(27,104);(28,63);(29,57);(30,13);(31,32);(32,132);(33,45);(34,57);(35,42);(36,50);(37,157);(38,11);(39,59);(40,42);(41,121);(42,76);(43,56);(44,120);(45,72);(46,107);(47,116);(48,55);(49,101);(50,89);
770;2;0;-4;35;0;31;13;0;8;365;0;(1,18);(2,22);(3,49);(4,22);(5,22);(6,65);(7,103);(8,135);(9,104);(10,52);(11,109);(12,51);(13,134);(14,90);(15,73);(16,58);(17,40);(18,111);(19,87);(20,82);(21,117);(22,119);(23,102);(24,12);(25,90);(26,24);(27,104);(28,63);(29,57);(30,13);(31,32);(32,132);(33,45);(34,57);(35,42);(36,50);(37,158);(38,11);(39,59);(40,44);(41,121);(42,78);(43,56);(44,120);(45,72);(46,107);(47,118);(48,55);(49,101);(50,89);
780;2;0;-4;34;0;30;14;0;9;369;0;(1,18);(2,22);(3,49);(4,22);(5,22);(6,65);(7,103);(8,136);(9,104);(10,52);(11,109);(12,51);(13,135);(14,90);(15,73);(16,58);(17,40);(18,111);(19,89);(20,82);(21,117);(22,121);(23,102);(24,12);(25,90);(26,26);(27,106);(28,63);(29,57);(30,13);(31,32);(32,132);(33,45);(34,57);(35,42);(36,50);(37,160);(38,11);(39,59);(40,44);(41,123);(42,80);(43,56);(44,120);(45,72);(46,107);(47,119);(48,55);(49,101);(50,89);
790;2;0;-4;34;0;30;14;0;9;374;0;(1,18);(2,22);(3,49);(4,22);(5,22);(6,65);(7,103);(8,136);(9,104);(10,52);(11,109);(12,51);(13,135);(14,90);(15,73);(16,58);(17,40);(18,111);(19,89);(20,82);(21,117);(22,121);(23,102);(24,12);(25,90);(26,26);(27,106);(28,63);(29,57);(30,13);(31,32);(32,132);(33,45);(34,57);(35,42);(36,50);(37,160);(38,11);(39,59);(40,44);(41,123);(42,80);(43,56);(44,120);(45,72);(46,107);(47,119);(48,55);(49,101);(50,89);
800;2;0;-4;34;0;30;14;0;9;379;0;(1,18);(2,22);(3,49);(4,22);(5,22);(6,65);(7,103);(8,136);(9,104);(10,52);(11,109);(12,51);(13,135);(14,90);(15,73);(16,58);(17,40);(18,111);(19,89);(20,82);(21,117);(22,121);(23,102);(24,12);(25,90);(26,26);(27,106);(28,63);(29,57);(30,13);(31,32);(32,132);(33,45);(34,57);(35,42);(36,50);(37,160);(38,11);(39,59);(40,44);(41,123);(42,80);(43,56);(44,120);(45,72);(46,107);(47,119);(48,55);(49,101);(50,89);
810;2;0;-4;33;0;29;15;0;10;384;0;(1,20);(2,22);(3,49);(4,22);(5,22);(6,65);(7,103);(8,136);(9,106);(10,52);(11,109);(12,53);(13,136);(14,90);(15,73);(16,58);(17,40);(18,111);(19,89);(20,82);(21,117);(22,121);(23,102);(24,12);(25,90);(26,26);(27,106);(28,63);(29,57);(30,13);(31,32);(32,132);(33,45);(34,57);(35,42);(36,50);(37,160);(38,11);(39,59);(40,44);(41,123);(42,80);(43,56);(44,120);(45,72);(46,107);(47,119);(48,55);(49,101);(50,91);
820;2;0;-4;34;0;29;14;0;10;389;0;(1,20);(2,22);(3,49);(4,22);(5,22);(6,65);(7,103);(8,136);(9,106);(10,52);(11,109);(12,53);(13,137);(14,90);(15,73);(16,58);(17,40);(18,111);(19,91);(20,82);(21,117);(22,123);(23,102);(24,12);(25,90);(26,26);(27,108);(28,63);(29,57);(30,13);(31,32);(32,132);(33,45);(34,57);(35,42);(36,50);(37,162);(38,11);(39,59);(40,44);(41,125);(42,82);(43,56);(44,120);(45,72);(46,107);(47,119);(48,55);(49,101);(50,93);
830;2;0;-4;32;0;28;16;0;11;394;0;(1,23);(2,24);(3,49);(4,22);(5,22);(6,65);(7,103);(8,136);(9,108);(10,52);(11,111);(12,53);(13,139);(14,90);(15,73);(16,58);(17,40);(18,111);(19,91);(20,82);(21,117);(22,125);(23,102);(24,12);(25,90);(26,26);(27,110);(28,63);(29,57);(30,13);(31,32);(32,132);(33,45);(34,57);(35,42);(36,50);(37,164);(38,11);(39,59);(40,44);(41,129);(42,85);(43,56);(44,120);(45,72);(46,107);(47,119);(48,55);(49,101);(50,95);
840;2;0;-4;31;0;27;17;0;12;399;0;(1,26);(2,28);(3,49);(4,22);(5,22);(6,65);(7,103);(8,136);(9,112);(10,52);(11,115);(12,57);(13,143);(14,90);(15,73);(16,58);(17,40);(18,111);(19,96);(20,82);(21,117);(22,129);(23,102);(24,12);(25,90);(26,26);(27,113);(28,63);(29,57);(30,13);(31,32);(32,132);(33,45);(34,57);(35,42);(36,50);(37,166);(38,11);(39,59);(40,44);(41,130);(42,86);(43,56);(44,120);(45,72);(46,107);(47,119);(48,55);(49,101);(50,97);
850;2;0;-4;31;0;27;17;0;12;404;0;(1,30);(2,32);(3,49);(4,25);(5,22);(6,65);(7,103);(8,136);(9,112);(10,52);(11,117);(12,59);(13,145);(14,90);(15,73);(16,58);(17,40);(18,111);(19,98);(20,82);(21,117);(22,131);(23,102);(24,12);(25,90);(26,26);(27,116);(28,63);(29,57);(30,13);(31,32);(32,132);(33,45);(34,57);(35,42);(36,50);(37,170);(38,11);(39,59);(40,44);(41,135);(42,92);(43,56);(44,120);(45,72);(46,107);(47,119);(48,61);(49,101);(50,98);
860;2;0;-4;29;0;25;19;0;14;408;0;(1,32);(2,34);(3,49);(4,27);(5,22);(6,65);(7,103);(8,136);(9,115);(10,52);(11,121);(12,63);(13,149);(14,90);(15,73);(16,58);(17,40);(18,111);(19,102);(20,82);(21,117);(22,135);(23,102);(24,12);(25,90);(26,26);(27,120);(28,63);(29,57);(30,13);(31,32);(32,132);(33,45);(34,57);(35,42);(36,50);(37,174);(38,11);(39,59);(40,44);(41,139);(42,95);(43,56);(44,120);(45,72);(46,107);(47,119);(48,63);(49,101);(50,98);
870;2;0;-4;29;0;25;19;0;14;413;0;(1,36);(2,38);(3,49);(4,31);(5,22);(6,65);(7,103);(8,136);(9,118);(10,52);(11,125);(12,67);(13,153);(14,90);(15,73);(16,58);(17,40);(18,111);(19,106);(20,82);(21,117);(22,139);(23,102);(24,12);(25,90);(26,26);(27,124);(28,63);(29,57);(30,13);(31,32);(32,132);(33,45);(34,57);(35,42);(36,50);(37,178);(38,11);(39,59);(40,44);(41,143);(42,99);(43,56);(44,120);(45,72);(46,107);(47,119);(48,68);(49,101);(50,98);
880;2;0;-4;30;0;25;18;0;14;417;0;(1,38);(2,44);(3,49);(4,38);(5,22);(6,65);(7,103);(8,136);(9,126);(10,52);(11,133);(12,74);(13,159);(14,90);(15,73);(16,58);(17,40);(18,111);(19,112);(20,82);(21,117);(22,145);(23,102);(24,12);(25,90);(26,26);(27,124);(28,63);(29,57);(30,13);(31,32);(32,132);(33,45);(34,57);(35,42);(36,50);(37,179);(38,11);(39,59);(40,44);(41,147);(42,104);(43,56);(44,120);(45,72);(46,107);(47,119);(48,73);(49,101);(50,98);
890;2;0;-4;29;0;25;19;0;14;422;0;(1,42);(2,49);(3,49);(4,42);(5,22);(6,65);(7,103);(8,136);(9,130);(10,52);(11,136);(12,77);(13,163);(14,90);(15,73);(16,58);(17,40);(18,111);(19,117);(20,82);(21,117);(22,151);(23,102);(24,12);(25,90);(26,26);(27,128);(28,63);(29,57);(30,13);(31,32);(32,132);(33,45);(34,57);(35,42);(36,50);(37,179);(38,11);(39,59);(40,44);(41,152);(42,108);(43,56);(44,120);(45,72);(46,107);(47,119);(48,77);(49,101);(50,98);
900;2;0;-4;29;0;24;19;0;15;427;0;(1,44);(2,52);(3,49);(4,46);(5,22);(6,65);(7,103);(8,136);(9,134);(10,52);(11,141);(12,83);(13,167);(14,90);(15,73);(16,58);(17,40);(18,111);(19,122);(20,82);(21,117);(22,155);(23,102);(24,12);(25,90);(26,26);(27,132);(28,63);(29,57);(30,13);(31,32);(32,132);(33,45);(34,57);(35,42);(36,50);(37,179);(38,15);(39,59);(40,44);(41,156);(42,113);(43,56);(44,120);(45,72);(46,107);(47,119);(48,81);(49,101);(50,98);
910;2;0;-4;28;0;24;20;0;15;431;0;(1,50);(2,58);(3,49);(4,51);(5,22);(6,69);(7,103);(8,136);(9,138);(10,52);(11,144);(12,87);(13,168);(14,90);(15,73);(16,58);(17,40);(18,111);(19,125);(20,82);(21,117);(22,159);(23,102);(24,12);(25,90);(26,26);(27,135);(28,63);(29,57);(30,13);(31,32);(32,132);(33,45);(34,57);(35,42);(36,50);(37,179);(38,17);(39,59);(40,44);(41,159);(42,116);(43,56);(44,120);(45,72);(46,107);(47,119);(48,85);(49,101);(50,98);
920;2;0;-4;27;0;23;21;0;16;436;0;(1,55);(2,62);(3,49);(4,56);(5,22);(6,74);(7,103);(8,136);(9,142);(10,52);(11,144);(12,90);(13,171);(14,90);(15,73);(16,58);(17,40);(18,111);(19,129);(20,82);(21,117);(22,159);(23,102);(24,12);(25,90);(26,26);(27,140);(28,63);(29,57);(30,13);(31,32);(32,132);(33,45);(34,57);(35,42);(36,50);(37,179);(38,23);(39,59);(40,44);(41,165);(42,122);(43,56);(44,120);(45,72);(46,107);(47,119);(48,86);(49,101);(50,98);
930;2;0;-4;28;0;23;20;0;16;441;0;(1,58);(2,66);(3,49);(4,60);(5,22);(6,79);(7,103);(8,136);(9,148);(10,52);(11,144);(12,97);(13,179);(14,90);(15,73);(16,58);(17,40);(18,111);(19,137);(20,82);(21,117);(22,162);(23,102);(24,12);(25,90);(26,26);(27,146);(28,63);(29,57);(30,13);(31,32);(32,132);(33,50);(34,57);(35,42);(36,50);(37,179);(38,27);(39,59);(40,44);(41,169);(42,126);(43,56);(44,120);(45,72);(46,107);(47,119);(48,88);(49,101);(50,98);
940;2;0;-4;26;0;22;22;0;17;445;0;(1,64);(2,66);(3,49);(4,66);(5,28);(6,84);(7,103);(8,136);(9,152);(10,52);(11,144);(12,100);(13,181);(14,90);(15,73);(16,58);(17,40);(18,111);(19,139);(20,82);(21,117);(22,165);(23,102);(24,12);(25,90);(26,26);(27,151);(28,63);(29,57);(30,13);(31,32);(32,132);(33,55);(34,57);(35,42);(36,50);(37,179);(38,32);(39,59);(40,44);(41,173);(42,130);(43,56);(44,120);(45,72);(46,107);(47,119);(48,88);(49,101);(50,98);
950;2;0;-4;26;0;22;22;0;17;450;0;(1,69);(2,68);(3,49);(4,68);(5,30);(6,87);(7,103);(8,136);(9,155);(10,52);(11,144);(12,104);(13,185);(14,90);(15,73);(16,58);(17,40);(18,111);(19,143);(20,82);(21,117);(22,169);(23,102);(24,12);(25,90);(26,26);(27,156);(28,63);(29,63);(30,13);(31,32);(32,132);(33,61);(34,57);(35,42);(36,50);(37,179);(38,39);(39,59);(40,44);(41,180);(42,132);(43,56);(44,120);(45,72);(46,107);(47,119);(48,88);(49,101);(50,98);
960;2;0;-4;26;0;21;22;0;18;454;0;(1,69);(2,71);(3,49);(4,68);(5,34);(6,90);(7,103);(8,136);(9,158);(10,52);(11,144);(12,107);(13,189);(14,90);(15,73);(16,58);(17,40);(18,111);(19,147);(20,82);(21,117);(22,173);(23,102);(24,12);(25,90);(26,26);(27,159);(28,63);(29,65);(30,13);(31,32);(32,132);(33,63);(34,57);(35,42);(36,50);(37,179);(38,41);(39,59);(40,44);(41,183);(42,132);(43,56);(44,120);(45,72);(46,107);(47,119);(48,88);(49,101);(50,98);
970;2;0;-4;25;0;21;23;0;18;460;0;(1,69);(2,74);(3,49);(4,69);(5,38);(6,95);(7,103);(8,136);(9,163);(10,52);(11,144);(12,111);(13,193);(14,90);(15,73);(16,58);(17,40);(18,111);(19,151);(20,82);(21,117);(22,177);(23,102);(24,12);(25,90);(26,26);(27,164);(28,63);(29,70);(30,13);(31,32);(32,132);(33,67);(34,57);(35,42);(36,50);(37,179);(38,45);(39,59);(40,44);(41,186);(42,132);(43,58);(44,120);(45,72);(46,107);(47,119);(48,88);(49,101);(50,98);
980;2;0;-4;25;0;20;23;0;19;464;0;(1,69);(2,77);(3,49);(4,69);(5,40);(6,95);(7,103);(8,136);(9,166);(10,52);(11,144);(12,115);(13,197);(14,92);(15,73);(16,58);(17,40);(18,111);(19,153);(20,82);(21,117);(22,181);(23,102);(24,12);(25,90);(26,26);(27,167);(28,63);(29,73);(30,13);(31,32);(32,132);(33,71);(34,57);(35,42);(36,50);(37,179);(38,46);(39,59);(40,44);(41,191);(42,132);(43,64);(44,120);(45,72);(46,107);(47,119);(48,88);(49,101);(50,98);
990;2;0;-4;25;0;20;23;0;18;469;1;(1,69);(2,77);(3,49);(4,69);(5,42);(6,95);(7,103);(8,136);(9,168);(10,52);(11,144);(12,117);(13,199);(14,94);(15,73);(16,58);(17,40);(18,111);(19,153);(20,82);(21,117);(22,183);(23,102);(24,12);(25,90);(26,26);(27,170);(28,63);(29,77);(30,13);(31,32);(32,132);(33,75);(34,57);(35,42);(36,50);(37,179);(38,46);(39,59);(40,44);(41,192);(42,132);(43,64);(44,120);(45,72);(46,107);(47,119);(48,88);(49,101);(50,98);
1000;2;0;1;24;0;19;24;0;19;475;1;(1,69);(2,77);(3,49);(4,69);(5,46);(6,98);(7,103);(8,136);(9,170);(10,52);(11,144);(12,119);(13,201);(14,96);(15,73);(16,58);(17,40);(18,111);(19,155);(20,82);(21,117);(22,184);(23,102);(24,12);(25,90);(26,26);(27,170);(28,63);(29,77);(30,13);(31,32);(32,132);(33,75);(34,57);(35,42);(36,50);(37,179);(38,46);(39,59);(40,44);(41,193);(42,132);(43,66);(44,120);(45,72);(46,107);(47,119);(48,88);(49,101);(50,98);
1010;4;0;1;23;0;19;23;0;19;480;1;(1,69);(2,77);(3,49);(4,69);(5,50);(6,98);(7,104);(8,136);(9,170);(10,52);(11,144);(12,121);(13,203);(14,98);(15,73);(16,58);(17,40);(18,111);(19,157);(20,82);(21,117);(22,189);(23,102);(24,12);(25,90);(26,26);(27,174);(28,63);(29,81);(30,13);(31,32);(32,132);(33,79);(34,57);(35,42);(36,50);(37,179);(38,46);(39,59);(40,44);(41,194);(42,132);(43,70);(44,120);(45,72);(46,107);(47,119);(48,88);(49,101);(50,98);
1020;5;0;1;21;0;18;24;0;20;485;1;(1,69);(2,77);(3,49);(4,69);(5,54);(6,98);(7,108);(8,136);(9,172);(10,52);(11,144);(12,123);(13,203);(14,102);(15,73);(16,58);(17,40);(18,113);(19,161);(20,82);(21,117);(22,194);(23,102);(24,12);(25,90);(26,26);(27,179);(28,63);(29,82);(30,13);(31,32);(32,132);(33,83);(34,57);(35,42);(36,50);(37,179);(38,46);(39,59);(40,44);(41,194);(42,132);(43,73);(44,120);(45,72);(46,107);(47,119);(48,88);(49,101);(50,98);
1030;5;0;1;21;0;18;24;0;20;490;1;(1,69);(2,77);(3,49);(4,69);(5,57);(6,98);(7,111);(8,136);(9,174);(10,52);(11,144);(12,127);(13,203);(14,106);(15,73);(16,58);(17,40);(18,117);(19,165);(20,82);(21,117);(22,198);(23,102);(24,12);(25,90);(26,26);(27,183);(28,63);(29,82);(30,13);(31,32);(32,132);(33,83);(34,57);(35,42);(36,50);(37,179);(38,46);(39,59);(40,44);(41,194);(42,132);(43,77);(44,120);(45,72);(46,107);(47,119);(48,88);(49,101);(50,98);
1040;5;0;1;20;0;16;25;0;22;495;1;(1,69);(2,77);(3,49);(4,69);(5,62);(6,98);(7,117);(8,136);(9,175);(10,52);(11,144);(12,132);(13,203);(14,110);(15,73);(16,58);(17,40);(18,121);(19,168);(20,82);(21,117);(22,200);(23,102);(24,15);(25,90);(26,26);(27,183);(28,63);(29,82);(30,13);(31,32);(32,132);(33,84);(34,57);(35,42);(36,50);(37,179);(38,46);(39,59);(40,44);(41,194);(42,132);(43,82);(44,120);(45,72);(46,107);(47,119);(48,88);(49,101);(50,98);
1050;5;0;1;20;0;16;25;0;22;500;1;(1,69);(2,77);(3,49);(4,69);(5,68);(6,98);(7,122);(8,136);(9,175);(10,52);(11,144);(12,135);(13,203);(14,116);(15,73);(16,58);(17,40);(18,125);(19,174);(20,82);(21,117);(22,206);(23,102);(24,21);(25,90);(26,26);(27,183);(28,63);(29,82);(30,13);(31,32);(32,132);(33,84);(34,63);(35,42);(36,50);(37,179);(38,46);(39,59);(40,44);(41,194);(42,132);(43,88);(44,120);(45,72);(46,107);(47,119);(48,88);(49,101);(50,98);
1060;5;0;1;19;0;16;26;0;22;505;1;(1,69);(2,77);(3,49);(4,69);(5,70);(6,98);(7,129);(8,136);(9,175);(10,52);(11,144);(12,136);(13,203);(14,121);(15,73);(16,58);(17,40);(18,125);(19,177);(20,82);(21,117);(22,212);(23,102);(24,26);(25,90);(26,26);(27,183);(28,63);(29,82);(30,13);(31,32);(32,132);(33,84);(34,67);(35,42);(36,50);(37,179);(38,46);(39,59);(40,44);(41,194);(42,132);(43,92);(44,120);(45,72);(46,107);(47,119);(48,88);(49,101);(50,98);
1070;5;0;1;18;0;15;27;0;23;510;1;(1,69);(2,77);(3,49);(4,69);(5,70);(6,98);(7,133);(8,136);(9,175);(10,52);(11,144);(12,136);(13,203);(14,126);(15,73);(16,58);(17,40);(18,125);(19,183);(20,82);(21,117);(22,217);(23,102);(24,31);(25,90);(26,26);(27,183);(28,63);(29,82);(30,13);(31,32);(32,132);(33,84);(34,72);(35,42);(36,50);(37,179);(38,46);(39,59);(40,44);(41,194);(42,132);(43,97);(44,120);(45,72);(46,107);(47,119);(48,88);(49,101);(50,98);
1080;5;0;1;18;0;14;27;0;24;515;1;(1,69);(2,77);(3,55);(4,69);(5,71);(6,98);(7,139);(8,136);(9,175);(10,52);(11,144);(12,136);(13,203);(14,131);(15,73);(16,58);(17,40);(18,125);(19,184);(20,82);(21,117);(22,220);(23,102);(24,35);(25,90);(26,26);(27,183);(28,63);(29,82);(30,13);(31,32);(32,132);(33,84);(34,79);(35,42);(36,50);(37,179);(38,46);(39,59);(40,44);(41,194);(42,132);(43,104);(44,120);(45,72);(46,107);(47,119);(48,88);(49,101);(50,98);
1090;5;0;1;18;0;14;27;0;24;519;1;(1,69);(2,77);(3,59);(4,69);(5,71);(6,98);(7,143);(8,136);(9,175);(10,52);(11,144);(12,136);(13,203);(14,136);(15,73);(16,58);(17,40);(18,129);(19,184);(20,82);(21,117);(22,225);(23,102);(24,39);(25,90);(26,26);(27,183);(28,63);(29,82);(30,13);(31,32);(32,134);(33,84);(34,83);(35,42);(36,50);(37,179);(38,46);(39,59);(40,44);(41,194);(42,132);(43,108);(44,120);(45,72);(46,107);(47,119);(48,88);(49,101);(50,98);
1100;5;0;1;18;0;14;27;0;24;524;1;(1,69);(2,77);(3,63);(4,69);(5,71);(6,98);(7,147);(8,136);(9,175);(10,54);(11,144);(12,136);(13,203);(14,140);(15,73);(16,58);(17,40);(18,132);(19,184);(20,83);(21,117);(22,228);(23,102);(24,43);(25,90);(26,26);(27,183);(28,63);(29,82);(30,13);(31,32);(32,138);(33,84);(34,87);(35,42);(36,50);(37,179);(38,46);(39,59);(40,44);(41,194);(42,132);(43,111);(44,120);(45,72);(46,107);(47,119);(48,88);(49,101);(50,98);
1110;5;0;1;17;0;14;28;0;24;529;1;(1,69);(2,77);(3,67);(4,69);(5,71);(6,98);(7,151);(8,136);(9,175);(10,57);(11,144);(12,136);(13,203);(14,141);(15,73);(16,58);(17,40);(18,135);(19,184);(20,87);(21,117);(22,232);(23,102);(24,47);(25,90);(26,26);(27,183);(28,63);(29,82);(30,13);(31,32);(32,142);(33,84);(34,90);(35,42);(36,50);(37,179);(38,46);(39,59);(40,44);(41,194);(42,132);(43,114);(44,120);(45,72);(46,107);(47,119);(48,88);(49,101);(50,98);
1120;4;0;0;17;0;14;29;0;25;534;1;(1,69);(2,77);(3,70);(4,69);(5,71);(6,98);(7,154);(8,136);(9,175);(10,60);(11,144);(12,136);(13,203);(14,141);(15,73);(16,58);(17,41);(18,141);(19,184);(20,93);(21,122);(22,236);(23,102);(24,51);(25,90);(26,26);(27,183);(28,63);(29,82);(30,13);(31,32);(32,145);(33,84);(34,91);(35,42);(36,50);(37,179);(38,46);(39,60);(40,44);(41,194);(42,132);(43,118);(44,120);(45,72);(46,107);(47,119);(48,88);(49,101);(50,98);
1130;4;0;0;18;0;13;28;0;26;539;1;(1,69);(2,77);(3,74);(4,69);(5,71);(6,98);(7,157);(8,136);(9,175);(10,64);(11,144);(12,136);(13,203);(14,141);(15,73);(16,58);(17,44);(18,143);(19,184);(20,95);(21,125);(22,238);(23,102);(24,55);(25,90);(26,26);(27,183);(28,63);(29,82);(30,13);(31,33);(32,151);(33,84);(34,92);(35,42);(36,50);(37,179);(38,46);(39,64);(40,44);(41,194);(42,132);(43,120);(44,120);(45,72);(46,107);(47,119);(48,88);(49,101);(50,98);
1140;5;0;0;17;0;13;28;0;25;543;2;(1,69);(2,77);(3,77);(4,69);(5,71);(6,98);(7,160);(8,136);(9,175);(10,66);(11,144);(12,136);(13,203);(14,141);(15,73);(16,58);(17,47);(18,147);(19,184);(20,99);(21,129);(22,238);(23,102);(24,59);(25,90);(26,26);(27,183);(28,63);(29,82);(30,13);(31,39);(32,157);(33,84);(34,92);(35,42);(36,50);(37,179);(38,46);(39,70);(40,44);(41,194);(42,132);(43,121);(44,120);(45,72);(46,107);(47,119);(48,88);(49,101);(50,98);
1150;4;0;-1;17;0;14;29;0;25;548;2;(1,69);(2,77);(3,82);(4,69);(5,71);(6,98);(7,165);(8,136);(9,175);(10,72);(11,144);(12,136);(13,203);(14,141);(15,73);(16,58);(17,53);(18,153);(19,184);(20,104);(21,133);(22,238);(23,102);(24,60);(25,90);(26,26);(27,183);(28,67);(29,82);(30,13);(31,42);(32,161);(33,84);(34,92);(35,42);(36,50);(37,179);(38,46);(39,74);(40,44);(41,194);(42,132);(43,121);(44,120);(45,76);(46,107);(47,119);(48,88);(49,102);(50,98);
1160;4;0;-1;17;0;14;29;0;25;553;2;(1,69);(2,77);(3,88);(4,69);(5,71);(6,98);(7,170);(8,136);(9,175);(10,76);(11,144);(12,136);(13,203);(14,141);(15,73);(16,58);(17,56);(18,156);(19,184);(20,107);(21,136);(22,238);(23,102);(24,62);(25,90);(26,26);(27,183);(28,70);(29,82);(30,13);(31,46);(32,165);(33,84);(34,92);(35,42);(36,50);(37,179);(38,46);(39,79);(40,44);(41,194);(42,132);(43,121);(44,126);(45,82);(46,107);(47,119);(48,88);(49,109);(50,98);
1170;4;0;-1;17;0;14;29;0;25;558;2;(1,69);(2,77);(3,89);(4,69);(5,71);(6,98);(7,172);(8,136);(9,175);(10,80);(11,144);(12,136);(13,203);(14,141);(15,76);(16,58);(17,60);(18,160);(19,184);(20,112);(21,142);(22,238);(23,102);(24,64);(25,90);(26,26);(27,183);(28,77);(29,82);(30,18);(31,52);(32,169);(33,84);(34,92);(35,42);(36,50);(37,179);(38,46);(39,84);(40,44);(41,194);(42,132);(43,121);(44,130);(45,85);(46,108);(47,119);(48,88);(49,111);(50,98);
1180;4;0;-1;17;0;14;29;0;25;563;2;(1,69);(2,77);(3,90);(4,69);(5,71);(6,98);(7,173);(8,136);(9,175);(10,83);(11,144);(12,136);(13,203);(14,141);(15,80);(16,58);(17,60);(18,164);(19,184);(20,116);(21,145);(22,238);(23,102);(24,64);(25,90);(26,26);(27,183);(28,79);(29,82);(30,20);(31,55);(32,169);(33,84);(34,92);(35,42);(36,50);(37,179);(38,46);(39,88);(40,44);(41,194);(42,132);(43,121);(44,135);(45,90);(46,108);(47,119);(48,88);(49,116);(50,98);
1190;4;0;-1;18;0;14;28;0;24;568;3;(1,69);(2,77);(3,90);(4,69);(5,71);(6,98);(7,173);(8,136);(9,175);(10,85);(11,144);(12,136);(13,203);(14,141);(15,82);(16,58);(17,60);(18,166);(19,184);(20,118);(21,148);(22,238);(23,102);(24,64);(25,90);(26,30);(27,183);(28,83);(29,82);(30,23);(31,57);(32,169);(33,84);(34,92);(35,42);(36,50);(37,179);(38,46);(39,89);(40,44);(41,194);(42,132);(43,121);(44,135);(45,91);(46,108);(47,119);(48,88);(49,118);(50,98);
1200;4;0;-1;18;0;14;28;0;24;574;3;(1,69);(2,77);(3,90);(4,69);(5,71);(6,98);(7,173);(8,136);(9,175);(10,86);(11,144);(12,136);(13,203);(14,141);(15,82);(16,58);(17,60);(18,166);(19,184);(20,118);(21,148);(22,238);(23,102);(24,64);(25,90);(26,30);(27,183);(28,83);(29,82);(30,24);(31,59);(32,171);(33,84);(34,92);(35,42);(36,51);(37,179);(38,46);(39,89);(40,47);(41,194);(42,132);(43,121);(44,137);(45,93);(46,108);(47,119);(48,88);(49,118);(50,98);
1210;4;0;-1;18;0;14;28;0;24;579;3;(1,69);(2,77);(3,90);(4,69);(5,71);(6,98);(7,173);(8,136);(9,175);(10,86);(11,144);(12,136);(13,203);(14,141);(15,84);(16,58);(17,60);(18,166);(19,184);(20,118);(21,150);(22,238);(23,103);(24,64);(25,90);(26,32);(27,183);(28,85);(29,82);(30,26);(31,60);(32,172);(33,84);(34,92);(35,42);(36,51);(37,179);(38,46);(39,89);(40,48);(41,194);(42,132);(43,121);(44,139);(45,95);(46,108);(47,119);(48,88);(49,118);(50,98);
1220;3;0;-2;19;0;15;28;0;24;584;3;(1,69);(2,77);(3,90);(4,69);(5,71);(6,98);(7,173);(8,136);(9,175);(10,86);(11,144);(12,136);(13,203);(14,141);(15,86);(16,58);(17,60);(18,168);(19,184);(20,118);(21,152);(22,238);(23,104);(24,64);(25,90);(26,33);(27,183);(28,85);(29,82);(30,26);(31,61);(32,173);(33,85);(34,92);(35,42);(36,53);(37,179);(38,46);(39,89);(40,50);(41,194);(42,132);(43,121);(44,141);(45,97);(46,108);(47,119);(48,88);(49,118);(50,98);
1230;3;0;-2;20;0;15;27;0;24;589;3;(1,69);(2,77);(3,90);(4,69);(5,71);(6,98);(7,173);(8,136);(9,175);(10,86);(11,144);(12,136);(13,203);(14,141);(15,86);(16,58);(17,60);(18,168);(19,184);(20,118);(21,152);(22,238);(23,105);(24,64);(25,90);(26,34);(27,183);(28,87);(29,82);(30,28);(31,63);(32,175);(33,87);(34,92);(35,42);(36,55);(37,179);(38,46);(39,89);(40,52);(41,194);(42,132);(43,121);(44,143);(45,98);(46,108);(47,119);(48,88);(49,118);(50,98);
1240;3;0;-2;19;0;15;28;0;24;594;3;(1,69);(2,77);(3,90);(4,69);(5,71);(6,98);(7,173);(8,136);(9,175);(10,86);(11,144);(12,136);(13,203);(14,141);(15,90);(16,58);(17,60);(18,172);(19,184);(20,118);(21,152);(22,238);(23,109);(24,64);(25,90);(26,38);(27,183);(28,91);(29,82);(30,31);(31,65);(32,177);(33,90);(34,92);(35,42);(36,57);(37,179);(38,46);(39,89);(40,53);(41,194);(42,132);(43,121);(44,143);(45,99);(46,108);(47,120);(48,88);(49,118);(50,98);
1250;3;0;-2;19;0;15;28;0;24;599;3;(1,69);(2,77);(3,90);(4,69);(5,71);(6,98);(7,173);(8,136);(9,175);(10,86);(11,144);(12,136);(13,203);(14,141);(15,96);(16,58);(17,60);(18,177);(19,184);(20,118);(21,152);(22,238);(23,113);(24,64);(25,90);(26,41);(27,183);(28,91);(29,82);(30,34);(31,68);(32,179);(33,91);(34,92);(35,42);(36,61);(37,179);(38,46);(39,89);(40,58);(41,194);(42,132);(43,121);(44,149);(45,105);(46,108);(47,126);(48,88);(49,118);(50,98);
1260;3;0;-2;20;0;15;27;0;24;605;3;(1,69);(2,77);(3,90);(4,69);(5,71);(6,98);(7,173);(8,136);(9,175);(10,86);(11,144);(12,136);(13,203);(14,141);(15,98);(16,58);(17,60);(18,179);(19,184);(20,118);(21,152);(22,238);(23,115);(24,64);(25,90);(26,44);(27,183);(28,91);(29,82);(30,38);(31,73);(32,185);(33,97);(34,92);(35,45);(36,67);(37,179);(38,46);(39,89);(40,64);(41,194);(42,132);(43,121);(44,154);(45,109);(46,108);(47,129);(48,88);(49,118);(50,98);
1270;2;0;-3;19;0;15;29;0;25;610;3;(1,69);(2,77);(3,90);(4,69);(5,71);(6,98);(7,173);(8,136);(9,175);(10,86);(11,144);(12,136);(13,203);(14,141);(15,102);(16,58);(17,60);(18,184);(19,184);(20,118);(21,152);(22,238);(23,121);(24,64);(25,90);(26,50);(27,183);(28,97);(29,82);(30,44);(31,78);(32,187);(33,98);(34,92);(35,48);(36,69);(37,179);(38,46);(39,89);(40,66);(41,197);(42,132);(43,121);(44,158);(45,113);(46,108);(47,133);(48,88);(49,118);(50,98);
1280;2;0;-3;19;0;15;29;0;25;615;3;(1,69);(2,77);(3,90);(4,69);(5,71);(6,98);(7,173);(8,136);(9,175);(10,86);(11,144);(12,136);(13,203);(14,141);(15,108);(16,58);(17,60);(18,189);(19,184);(20,118);(21,152);(22,238);(23,126);(24,64);(25,90);(26,54);(27,183);(28,101);(29,82);(30,48);(31,78);(32,190);(33,101);(34,92);(35,50);(36,71);(37,179);(38,46);(39,89);(40,68);(41,199);(42,132);(43,121);(44,161);(45,117);(46,108);(47,138);(48,88);(49,118);(50,98);
1290;2;0;-3;19;0;15;29;0;25;621;3;(1,69);(2,77);(3,90);(4,69);(5,71);(6,98);(7,173);(8,136);(9,175);(10,86);(11,144);(12,136);(13,203);(14,141);(15,110);(16,58);(17,60);(18,189);(19,184);(20,118);(21,152);(22,238);(23,128);(24,64);(25,90);(26,57);(27,183);(28,103);(29,82);(30,50);(31,78);(32,193);(33,105);(34,92);(35,55);(36,77);(37,179);(38,46);(39,89);(40,74);(41,205);(42,132);(43,121);(44,165);(45,119);(46,108);(47,141);(48,88);(49,118);(50,98);
1300;1;0;-4;20;0;16;29;0;25;626;3;(1,69);(2,77);(3,90);(4,69);(5,71);(6,98);(7,173);(8,136);(9,176);(10,86);(11,144);(12,136);(13,203);(14,141);(15,114);(16,58);(17,60);(18,189);(19,184);(20,118);(21,152);(22,238);(23,128);(24,64);(25,90);(26,58);(27,183);(28,109);(29,82);(30,56);(31,78);(32,195);(33,109);(34,92);(35,59);(36,80);(37,179);(38,46);(39,89);(40,76);(41,207);(42,132);(43,121);(44,166);(45,119);(46,108);(47,144);(48,88);(49,118);(50,100);
1310;1;0;-4;20;0;16;29;0;25;631;3;(1,69);(2,77);(3,90);(4,69);(5,71);(6,98);(7,173);(8,136);(9,180);(10,86);(11,144);(12,136);(13,203);(14,141);(15,118);(16,58);(17,60);(18,189);(19,184);(20,118);(21,152);(22,238);(23,128);(24,64);(25,90);(26,58);(27,183);(28,113);(29,82);(30,60);(31,78);(32,196);(33,111);(34,92);(35,60);(36,81);(37,179);(38,46);(39,89);(40,76);(41,209);(42,132);(43,121);(44,166);(45,119);(46,108);(47,146);(48,88);(49,118);(50,103);
1320;1;0;-4;20;0;16;29;0;25;636;3;(1,69);(2,77);(3,90);(4,69);(5,71);(6,98);(7,173);(8,136);(9,182);(10,86);(11,144);(12,136);(13,203);(14,141);(15,120);(16,58);(17,60);(18,189);(19,184);(20,118);(21,152);(22,238);(23,128);(24,64);(25,90);(26,58);(27,183);(28,115);(29,82);(30,61);(31,78);(32,196);(33,111);(34,92);(35,61);(36,83);(37,179);(38,46);(39,89);(40,76);(41,209);(42,134);(43,121);(44,166);(45,121);(46,108);(47,148);(48,88);(49,118);(50,105);
1330;1;0;-4;20;0;16;29;0;25;641;3;(1,69);(2,77);(3,90);(4,69);(5,71);(6,98);(7,173);(8,136);(9,184);(10,86);(11,144);(12,136);(13,203);(14,141);(15,121);(16,58);(17,60);(18,189);(19,184);(20,118);(21,152);(22,238);(23,128);(24,64);(25,90);(26,58);(27,183);(28,115);(29,82);(30,62);(31,78);(32,196);(33,113);(34,92);(35,63);(36,85);(37,182);(38,46);(39,89);(40,77);(41,209);(42,136);(43,121);(44,166);(45,121);(46,108);(47,150);(48,88);(49,118);(50,107);
1340;1;0;-4;20;0;16;29;0;25;646;3;(1,69);(2,77);(3,90);(4,69);(5,71);(6,98);(7,173);(8,136);(9,184);(10,86);(11,144);(12,136);(13,203);(14,141);(15,122);(16,58);(17,60);(18,189);(19,184);(20,118);(21,152);(22,238);(23,128);(24,64);(25,90);(26,58);(27,183);(28,117);(29,82);(30,64);(31,78);(32,196);(33,115);(34,92);(35,65);(36,85);(37,184);(38,46);(39,89);(40,77);(41,209);(42,138);(43,121);(44,166);(45,123);(46,108);(47,151);(48,88);(49,118);(50,107);
1350;1;0;-4;21;0;16;28;0;25;651;3;(1,69);(2,77);(3,90);(4,69);(5,71);(6,98);(7,173);(8,136);(9,184);(10,86);(11,144);(12,136);(13,203);(14,141);(15,122);(16,59);(17,60);(18,189);(19,184);(20,118);(21,152);(22,238);(23,128);(24,64);(25,90);(26,58);(27,183);(28,119);(29,82);(30,66);(31,78);(32,196);(33,117);(34,92);(35,67);(36,85);(37,186);(38,46);(39,89);(40,77);(41,209);(42,140);(43,121);(44,166);(45,125);(46,108);(47,151);(48,88);(49,118);(50,109);
1360;1;0;-4;19;0;15;30;0;26;656;3;(1,69);(2,77);(3,90);(4,69);(5,71);(6,98);(7,173);(8,136);(9,184);(10,86);(11,144);(12,136);(13,203);(14,141);(15,126);(16,63);(17,60);(18,189);(19,184);(20,118);(21,152);(22,238);(23,128);(24,64);(25,90);(26,58);(27,183);(28,123);(29,82);(30,69);(31,78);(32,196);(33,119);(34,92);(35,69);(36,87);(37,188);(38,46);(39,89);(40,77);(41,209);(42,142);(43,121);(44,166);(45,126);(46,108);(47,151);(48,88);(49,118);(50,109);
1370;1;0;-4;19;0;15;30;0;26;661;3;(1,69);(2,77);(3,90);(4,69);(5,71);(6,98);(7,173);(8,136);(9,184);(10,86);(11,147);(12,136);(13,203);(14,141);(15,130);(16,66);(17,60);(18,189);(19,184);(20,118);(21,152);(22,238);(23,128);(24,64);(25,90);(26,58);(27,183);(28,125);(29,82);(30,71);(31,78);(32,196);(33,121);(34,92);(35,71);(36,89);(37,190);(38,46);(39,89);(40,77);(41,209);(42,144);(43,121);(44,166);(45,126);(46,108);(47,151);(48,88);(49,118);(50,111);
1380;1;0;-4;19;0;15;30;0;25;666;4;(1,69);(2,77);(3,90);(4,69);(5,71);(6,98);(7,173);(8,136);(9,186);(10,86);(11,149);(12,136);(13,203);(14,141);(15,130);(16,68);(17,60);(18,189);(19,184);(20,118);(21,152);(22,238);(23,128);(24,64);(25,90);(26,58);(27,183);(28,127);(29,82);(30,71);(31,78);(32,196);(33,123);(34,92);(35,71);(36,91);(37,192);(38,46);(39,89);(40,77);(41,209);(42,146);(43,121);(44,166);(45,126);(46,108);(47,151);(48,88);(49,118);(50,113);
1390;2;0;-4;18;0;14;30;0;25;670;5;(1,69);(2,77);(3,90);(4,69);(5,71);(6,98);(7,173);(8,136);(9,188);(10,86);(11,150);(12,136);(13,203);(14,141);(15,130);(16,69);(17,60);(18,189);(19,184);(20,118);(21,152);(22,238);(23,128);(24,64);(25,90);(26,58);(27,183);(28,131);(29,82);(30,71);(31,78);(32,196);(33,127);(34,92);(35,75);(36,94);(37,194);(38,46);(39,89);(40,77);(41,209);(42,148);(43,121);(44,166);(45,126);(46,108);(47,151);(48,88);(49,118);(50,115);
1400;2;0;-4;18;0;14;30;0;25;674;5;(1,69);(2,77);(3,90);(4,69);(5,71);(6,98);(7,173);(8,136);(9,189);(10,86);(11,151);(12,136);(13,203);(14,141);(15,132);(16,71);(17,60);(18,189);(19,184);(20,118);(21,152);(22,238);(23,128);(24,64);(25,90);(26,58);(27,183);(28,133);(29,82);(30,71);(31,78);(32,196);(33,129);(34,92);(35,77);(36,94);(37,196);(38,47);(39,89);(40,77);(41,209);(42,152);(43,121);(44,166);(45,126);(46,108);(47,151);(48,88);(49,118);(50,118);
1410;2;0;-4;18;0;14;30;0;25;679;5;(1,69);(2,77);(3,90);(4,69);(5,71);(6,98);(7,173);(8,136);(9,194);(10,86);(11,157);(12,136);(13,203);(14,141);(15,135);(16,75);(17,60);(18,189);(19,184);(20,118);(21,152);(22,238);(23,128);(24,64);(25,90);(26,58);(27,183);(28,133);(29,82);(30,71);(31,78);(32,196);(33,132);(34,92);(35,79);(36,94);(37,198);(38,49);(39,89);(40,77);(41,209);(42,154);(43,121);(44,166);(45,126);(46,108);(47,151);(48,91);(49,118);(50,122);
1420;1;0;-4;19;0;14;30;0;24;684;6;(1,69);(2,77);(3,90);(4,69);(5,71);(6,98);(7,173);(8,136);(9,196);(10,86);(11,159);(12,136);(13,205);(14,141);(15,135);(16,77);(17,60);(18,189);(19,184);(20,118);(21,152);(22,238);(23,128);(24,64);(25,90);(26,58);(27,183);(28,133);(29,82);(30,71);(31,78);(32,196);(33,132);(34,92);(35,81);(36,94);(37,200);(38,51);(39,89);(40,77);(41,209);(42,154);(43,121);(44,166);(45,126);(46,108);(47,151);(48,93);(49,118);(50,123);
1430;2;0;-4;18;0;14;30;0;24;690;6;(1,69);(2,77);(3,90);(4,69);(5,71);(6,98);(7,173);(8,136);(9,198);(10,86);(11,161);(12,136);(13,207);(14,141);(15,135);(16,79);(17,60);(18,189);(19,184);(20,118);(21,152);(22,238);(23,128);(24,64);(25,90);(26,58);(27,183);(28,133);(29,82);(30,71);(31,78);(32,196);(33,132);(34,92);(35,83);(36,94);(37,202);(38,52);(39,89);(40,77);(41,209);(42,154);(43,121);(44,166);(45,126);(46,108);(47,151);(48,93);(49,118);(50,123);
1440;2;0;-4;18;0;14;30;0;24;695;6;(1,69);(2,77);(3,90);(4,69);(5,71);(6,98);(7,173);(8,136);(9,198);(10,86);(11,161);(12,136);(13,207);(14,141);(15,135);(16,79);(17,60);(18,189);(19,184);(20,118);(21,152);(22,238);(23,128);(24,64);(25,90);(26,58);(27,183);(28,133);(29,82);(30,71);(31,78);(32,196);(33,132);(34,92);(35,83);(36,94);(37,202);(38,52);(39,89);(40,77);(41,209);(42,154);(43,121);(44,166);(45,126);(46,108);(47,151);(48,93);(49,118);(50,123);
1450;2;0;-4;18;0;14;30;0;24;701;6;(1,69);(2,77);(3,90);(4,69);(5,71);(6,98);(7,173);(8,136);(9,198);(10,86);(11,161);(12,136);(13,207);(14,141);(15,135);(16,79);(17,60);(18,189);(19,184);(20,118);(21,152);(22,238);(23,128);(24,64);(25,90);(26,58);(27,183);(28,133);(29,82);(30,71);(31,78);(32,196);(33,132);(34,92);(35,83);(36,94);(37,202);(38,52);(39,89);(40,77);(41,209);(42,154);(43,121);(44,166);(45,126);(46,108);(47,151);(48,93);(49,118);(50,123);
1460;2;0;-4;18;0;14;30;0;24;707;6;(1,69);(2,77);(3,90);(4,69);(5,71);(6,98);(7,173);(8,136);(9,198);(10,86);(11,161);(12,136);(13,207);(14,141);(15,135);(16,79);(17,60);(18,189);(19,184);(20,118);(21,152);(22,238);(23,128);(24,64);(25,90);(26,58);(27,183);(28,133);(29,82);(30,71);(31,78);(32,196);(33,132);(34,92);(35,83);(36,94);(37,202);(38,52);(39,89);(40,77);(41,209);(42,154);(43,121);(44,166);(45,126);(46,108);(47,151);(48,93);(49,118);(50,123);
1470;2;0;-4;19;0;14;29;0;24;712;6;(1,69);(2,77);(3,90);(4,69);(5,71);(6,99);(7,173);(8,136);(9,198);(10,86);(11,161);(12,136);(13,207);(14,141);(15,135);(16,79);(17,60);(18,189);(19,184);(20,118);(21,152);(22,238);(23,128);(24,64);(25,90);(26,58);(27,183);(28,133);(29,82);(30,71);(31,78);(32,196);(33,132);(34,92);(35,83);(36,94);(37,202);(38,52);(39,89);(40,77);(41,209);(42,154);(43,121);(44,166);(45,126);(46,108);(47,151);(48,93);(49,118);(50,123);
1480;2;0;-4;17;0;11;31;0;27;717;6;(1,69);(2,77);(3,90);(4,69);(5,71);(6,100);(7,173);(8,136);(9,198);(10,86);(11,161);(12,136);(13,207);(14,141);(15,135);(16,79);(17,60);(18,189);(19,184);(20,118);(21,152);(22,238);(23,128);(24,64);(25,90);(26,58);(27,187);(28,133);(29,83);(30,71);(31,78);(32,196);(33,132);(34,92);(35,89);(36,94);(37,203);(38,52);(39,89);(40,77);(41,209);(42,157);(43,121);(44,166);(45,126);(46,108);(47,151);(48,95);(49,118);(50,125);
1490;2;0;-4;17;0;11;31;0;27;722;6;(1,69);(2,80);(3,90);(4,69);(5,71);(6,103);(7,173);(8,136);(9,199);(10,86);(11,165);(12,136);(13,211);(14,141);(15,135);(16,79);(17,60);(18,189);(19,185);(20,118);(21,152);(22,238);(23,128);(24,64);(25,90);(26,58);(27,192);(28,133);(29,87);(30,71);(31,78);(32,196);(33,132);(34,92);(35,92);(36,94);(37,203);(38,52);(39,89);(40,77);(41,209);(42,160);(43,121);(44,166);(45,126);(46,108);(47,151);(48,99);(49,118);(50,128);
1500;2;0;1;17;0;11;31;0;27;727;6;(1,69);(2,86);(3,90);(4,69);(5,71);(6,109);(7,173);(8,136);(9,199);(10,86);(11,170);(12,136);(13,215);(14,141);(15,135);(16,79);(17,60);(18,189);(19,188);(20,118);(21,152);(22,238);(23,128);(24,64);(25,94);(26,58);(27,197);(28,133);(29,93);(30,71);(31,78);(32,196);(33,132);(34,92);(35,98);(36,94);(37,209);(38,52);(39,89);(40,77);(41,209);(42,166);(43,121);(44,166);(45,126);(46,108);(47,151);(48,105);(49,118);(50,135);
1510;5;0;1;14;0;11;31;0;27;732;6;(1,69);(2,91);(3,90);(4,69);(5,71);(6,114);(7,173);(8,136);(9,199);(10,86);(11,174);(12,136);(13,220);(14,141);(15,135);(16,79);(17,60);(18,189);(19,193);(20,118);(21,152);(22,238);(23,128);(24,64);(25,99);(26,58);(27,202);(28,133);(29,98);(30,71);(31,78);(32,196);(33,132);(34,92);(35,104);(36,94);(37,214);(38,52);(39,89);(40,77);(41,209);(42,172);(43,121);(44,166);(45,126);(46,108);(47,151);(48,111);(49,118);(50,140);
1520;5;0;1;14;0;11;31;0;27;737;6;(1,69);(2,96);(3,90);(4,69);(5,71);(6,119);(7,173);(8,136);(9,199);(10,86);(11,179);(12,136);(13,225);(14,141);(15,135);(16,79);(17,60);(18,189);(19,199);(20,118);(21,152);(22,238);(23,128);(24,64);(25,104);(26,58);(27,208);(28,133);(29,104);(30,71);(31,78);(32,196);(33,132);(34,92);(35,109);(36,94);(37,219);(38,52);(39,89);(40,77);(41,209);(42,176);(43,121);(44,166);(45,126);(46,108);(47,151);(48,115);(49,118);(50,144);
1530;5;0;1;14;0;11;31;0;27;742;6;(1,69);(2,102);(3,90);(4,69);(5,71);(6,121);(7,173);(8,136);(9,199);(10,86);(11,185);(12,136);(13,231);(14,141);(15,135);(16,79);(17,66);(18,189);(19,204);(20,118);(21,152);(22,238);(23,128);(24,64);(25,109);(26,58);(27,212);(28,133);(29,105);(30,71);(31,78);(32,196);(33,132);(34,92);(35,113);(36,94);(37,223);(38,52);(39,89);(40,77);(41,209);(42,182);(43,121);(44,166);(45,126);(46,108);(47,151);(48,120);(49,118);(50,149);
1540;5;0;1;15;0;11;30;0;26;747;7;(1,69);(2,105);(3,90);(4,69);(5,71);(6,121);(7,173);(8,136);(9,199);(10,86);(11,190);(12,136);(13,235);(14,141);(15,135);(16,79);(17,69);(18,189);(19,208);(20,118);(21,152);(22,240);(23,128);(24,64);(25,115);(26,58);(27,218);(28,133);(29,108);(30,71);(31,78);(32,196);(33,132);(34,92);(35,119);(36,94);(37,223);(38,52);(39,89);(40,77);(41,209);(42,188);(43,121);(44,166);(45,126);(46,108);(47,151);(48,127);(49,118);(50,157);
1550;5;0;1;14;0;10;31;0;27;752;7;(1,69);(2,105);(3,90);(4,69);(5,71);(6,121);(7,173);(8,140);(9,199);(10,86);(11,194);(12,136);(13,240);(14,141);(15,135);(16,79);(17,75);(18,189);(19,213);(20,118);(21,152);(22,243);(23,128);(24,64);(25,119);(26,58);(27,223);(28,133);(29,108);(30,71);(31,78);(32,196);(33,132);(34,92);(35,125);(36,94);(37,223);(38,52);(39,89);(40,77);(41,209);(42,193);(43,121);(44,166);(45,126);(46,108);(47,151);(48,131);(49,120);(50,161);
1560;6;0;1;13;0;10;31;0;27;757;7;(1,69);(2,105);(3,90);(4,69);(5,71);(6,121);(7,173);(8,145);(9,199);(10,86);(11,198);(12,136);(13,244);(14,146);(15,135);(16,79);(17,80);(18,189);(19,219);(20,118);(21,152);(22,249);(23,128);(24,64);(25,125);(26,58);(27,229);(28,133);(29,108);(30,71);(31,78);(32,196);(33,132);(34,92);(35,130);(36,94);(37,223);(38,52);(39,89);(40,77);(41,209);(42,198);(43,121);(44,166);(45,126);(46,108);(47,151);(48,136);(49,124);(50,165);
1570;6;0;1;13;0;10;31;0;27;762;7;(1,69);(2,105);(3,90);(4,69);(5,71);(6,121);(7,173);(8,151);(9,199);(10,86);(11,204);(12,136);(13,250);(14,152);(15,135);(16,79);(17,80);(18,189);(19,224);(20,118);(21,152);(22,254);(23,128);(24,64);(25,129);(26,58);(27,232);(28,133);(29,108);(30,71);(31,78);(32,196);(33,132);(34,92);(35,134);(36,94);(37,223);(38,52);(39,89);(40,77);(41,209);(42,203);(43,121);(44,166);(45,126);(46,108);(47,151);(48,141);(49,129);(50,170);
1580;6;0;1;13;0;9;31;0;28;767;7;(1,69);(2,105);(3,90);(4,69);(5,71);(6,121);(7,173);(8,154);(9,199);(10,86);(11,209);(12,136);(13,254);(14,155);(15,135);(16,79);(17,80);(18,189);(19,228);(20,118);(21,152);(22,259);(23,128);(24,64);(25,135);(26,58);(27,238);(28,133);(29,108);(30,71);(31,78);(32,196);(33,132);(34,92);(35,139);(36,94);(37,223);(38,52);(39,89);(40,77);(41,209);(42,208);(43,121);(44,166);(45,126);(46,108);(47,151);(48,146);(49,135);(50,176);
1590;6;0;1;12;0;9;32;0;28;772;7;(1,69);(2,105);(3,90);(4,69);(5,71);(6,121);(7,173);(8,154);(9,199);(10,86);(11,213);(12,136);(13,259);(14,161);(15,135);(16,79);(17,80);(18,189);(19,233);(20,118);(21,152);(22,263);(23,128);(24,64);(25,138);(26,58);(27,243);(28,133);(29,108);(30,71);(31,78);(32,196);(33,132);(34,92);(35,144);(36,94);(37,223);(38,52);(39,89);(40,77);(41,209);(42,213);(43,121);(44,166);(45,126);(46,108);(47,151);(48,152);(49,140);(50,180);
1600;5;0;0;13;0;10;32;0;28;778;7;(1,69);(2,105);(3,90);(4,69);(5,71);(6,121);(7,173);(8,154);(9,199);(10,86);(11,218);(12,136);(13,263);(14,165);(15,135);(16,79);(17,80);(18,189);(19,238);(20,123);(21,152);(22,268);(23,128);(24,64);(25,138);(26,58);(27,248);(28,133);(29,108);(30,71);(31,78);(32,196);(33,132);(34,95);(35,150);(36,94);(37,223);(38,53);(39,89);(40,77);(41,209);(42,218);(43,121);(44,166);(45,126);(46,108);(47,151);(48,156);(49,144);(50,185);
1610;5;0;0;14;0;10;31;0;28;783;7;(1,69);(2,105);(3,90);(4,69);(5,71);(6,121);(7,173);(8,154);(9,199);(10,86);(11,224);(12,136);(13,270);(14,171);(15,135);(16,79);(17,80);(18,189);(19,243);(20,128);(21,152);(22,273);(23,128);(24,64);(25,138);(26,58);(27,252);(28,133);(29,108);(30,71);(31,78);(32,196);(33,132);(34,99);(35,155);(36,94);(37,223);(38,59);(39,89);(40,77);(41,209);(42,223);(43,121);(44,166);(45,126);(46,108);(47,151);(48,161);(49,150);(50,191);
1620;5;0;0;13;0;10;32;0;28;789;7;(1,69);(2,105);(3,90);(4,69);(5,71);(6,121);(7,173);(8,154);(9,199);(10,86);(11,229);(12,136);(13,270);(14,176);(15,135);(16,79);(17,80);(18,189);(19,248);(20,134);(21,152);(22,279);(23,128);(24,64);(25,138);(26,58);(27,258);(28,133);(29,108);(30,71);(31,78);(32,196);(33,132);(34,105);(35,161);(36,94);(37,223);(38,65);(39,89);(40,77);(41,209);(42,229);(43,121);(44,166);(45,126);(46,108);(47,151);(48,168);(49,156);(50,196);
1630;5;0;0;13;0;10;32;0;28;794;7;(1,69);(2,105);(3,90);(4,69);(5,71);(6,121);(7,173);(8,154);(9,199);(10,86);(11,235);(12,136);(13,270);(14,180);(15,135);(16,79);(17,80);(18,189);(19,256);(20,142);(21,160);(22,286);(23,128);(24,64);(25,138);(26,58);(27,265);(28,133);(29,108);(30,71);(31,78);(32,196);(33,132);(34,112);(35,167);(36,94);(37,223);(38,70);(39,89);(40,77);(41,209);(42,234);(43,121);(44,166);(45,126);(46,108);(47,151);(48,171);(49,160);(50,202);
1640;5;0;0;13;0;10;32;0;28;800;7;(1,69);(2,105);(3,90);(4,69);(5,72);(6,121);(7,173);(8,154);(9,199);(10,86);(11,242);(12,136);(13,270);(14,185);(15,135);(16,79);(17,80);(18,189);(19,264);(20,150);(21,167);(22,293);(23,128);(24,64);(25,138);(26,58);(27,272);(28,133);(29,108);(30,71);(31,78);(32,196);(33,132);(34,119);(35,175);(36,94);(37,223);(38,78);(39,89);(40,77);(41,209);(42,242);(43,121);(44,166);(45,126);(46,108);(47,151);(48,172);(49,161);(50,207);
1650;5;0;0;11;0;8;34;0;30;805;7;(1,69);(2,105);(3,91);(4,69);(5,77);(6,121);(7,173);(8,154);(9,199);(10,86);(11,248);(12,136);(13,270);(14,192);(15,135);(16,79);(17,80);(18,189);(19,270);(20,152);(21,173);(22,299);(23,128);(24,64);(25,138);(26,58);(27,276);(28,133);(29,108);(30,71);(31,78);(32,196);(33,132);(34,125);(35,180);(36,94);(37,223);(38,83);(39,89);(40,77);(41,209);(42,248);(43,121);(44,166);(45,126);(46,108);(47,151);(48,172);(49,161);(50,211);
1660;5;0;0;11;0;8;34;0;30;810;7;(1,69);(2,105);(3,97);(4,69);(5,83);(6,121);(7,173);(8,154);(9,199);(10,86);(11,254);(12,136);(13,270);(14,197);(15,135);(16,79);(17,80);(18,189);(19,272);(20,154);(21,179);(22,302);(23,128);(24,64);(25,138);(26,58);(27,276);(28,133);(29,108);(30,71);(31,78);(32,196);(33,132);(34,132);(35,186);(36,94);(37,223);(38,89);(39,89);(40,77);(41,209);(42,248);(43,121);(44,166);(45,126);(46,108);(47,151);(48,172);(49,161);(50,211);
1670;5;0;0;11;0;8;34;0;30;816;7;(1,69);(2,105);(3,101);(4,69);(5,87);(6,121);(7,173);(8,154);(9,199);(10,86);(11,258);(12,136);(13,270);(14,201);(15,135);(16,79);(17,80);(18,189);(19,272);(20,155);(21,181);(22,302);(23,128);(24,64);(25,138);(26,58);(27,276);(28,133);(29,108);(30,71);(31,78);(32,196);(33,132);(34,135);(35,186);(36,94);(37,223);(38,93);(39,89);(40,77);(41,209);(42,248);(43,121);(44,166);(45,126);(46,110);(47,151);(48,172);(49,161);(50,211);
1680;5;0;0;11;0;8;34;0;30;821;7;(1,69);(2,105);(3,105);(4,69);(5,91);(6,121);(7,173);(8,154);(9,199);(10,86);(11,262);(12,136);(13,270);(14,205);(15,135);(16,79);(17,80);(18,189);(19,272);(20,155);(21,185);(22,303);(23,128);(24,67);(25,138);(26,58);(27,276);(28,133);(29,108);(30,71);(31,78);(32,196);(33,132);(34,139);(35,186);(36,94);(37,223);(38,97);(39,89);(40,77);(41,209);(42,248);(43,121);(44,166);(45,126);(46,114);(47,151);(48,172);(49,161);(50,211);
1690;5;0;0;11;0;8;34;0;30;827;7;(1,69);(2,105);(3,109);(4,69);(5,95);(6,121);(7,173);(8,154);(9,199);(10,86);(11,266);(12,136);(13,270);(14,209);(15,135);(16,79);(17,80);(18,189);(19,272);(20,155);(21,189);(22,303);(23,128);(24,71);(25,138);(26,58);(27,276);(28,133);(29,108);(30,71);(31,78);(32,196);(33,132);(34,143);(35,186);(36,94);(37,223);(38,101);(39,89);(40,77);(41,209);(42,248);(43,121);(44,166);(45,126);(46,118);(47,151);(48,172);(49,161);(50,211);
1700;4;0;0;13;0;8;33;0;29;832;8;(1,69);(2,105);(3,113);(4,69);(5,98);(6,121);(7,173);(8,154);(9,199);(10,86);(11,268);(12,136);(13,270);(14,210);(15,135);(16,79);(17,80);(18,192);(19,272);(20,155);(21,195);(22,303);(23,128);(24,77);(25,138);(26,58);(27,276);(28,133);(29,108);(30,71);(31,78);(32,196);(33,132);(34,145);(35,186);(36,94);(37,223);(38,105);(39,89);(40,77);(41,209);(42,248);(43,121);(44,166);(45,126);(46,123);(47,151);(48,172);(49,161);(50,211);
1710;5;0;0;13;0;8;32;0;29;838;8;(1,69);(2,105);(3,115);(4,69);(5,101);(6,121);(7,173);(8,154);(9,199);(10,86);(11,272);(12,136);(13,270);(14,214);(15,135);(16,79);(17,80);(18,196);(19,272);(20,155);(21,199);(22,303);(23,128);(24,81);(25,138);(26,58);(27,276);(28,133);(29,108);(30,71);(31,78);(32,197);(33,132);(34,149);(35,186);(36,94);(37,223);(38,108);(39,89);(40,77);(41,209);(42,248);(43,121);(44,166);(45,126);(46,125);(47,151);(48,172);(49,161);(50,211);
1720;5;0;0;12;0;8;33;0;29;843;8;(1,69);(2,105);(3,120);(4,69);(5,106);(6,121);(7,173);(8,154);(9,199);(10,86);(11,277);(12,136);(13,270);(14,218);(15,135);(16,79);(17,80);(18,201);(19,272);(20,155);(21,202);(22,303);(23,128);(24,85);(25,138);(26,61);(27,276);(28,133);(29,108);(30,71);(31,78);(32,199);(33,132);(34,151);(35,186);(36,94);(37,223);(38,110);(39,89);(40,77);(41,209);(42,248);(43,121);(44,166);(45,126);(46,128);(47,151);(48,172);(49,161);(50,211);
1730;5;0;0;12;0;8;33;0;29;849;8;(1,69);(2,105);(3,124);(4,69);(5,110);(6,121);(7,173);(8,154);(9,199);(10,86);(11,281);(12,136);(13,270);(14,218);(15,135);(16,79);(17,80);(18,204);(19,272);(20,155);(21,202);(22,303);(23,131);(24,88);(25,138);(26,64);(27,276);(28,133);(29,108);(30,71);(31,78);(32,203);(33,132);(34,156);(35,186);(36,94);(37,223);(38,115);(39,89);(40,77);(41,213);(42,248);(43,121);(44,166);(45,126);(46,132);(47,151);(48,172);(49,161);(50,211);
1740;5;0;-1;12;0;9;33;0;29;855;8;(1,73);(2,105);(3,128);(4,69);(5,111);(6,121);(7,173);(8,154);(9,199);(10,86);(11,284);(12,136);(13,270);(14,218);(15,135);(16,79);(17,80);(18,207);(19,272);(20,155);(21,202);(22,303);(23,135);(24,93);(25,138);(26,70);(27,276);(28,133);(29,108);(30,71);(31,78);(32,208);(33,132);(34,160);(35,186);(36,94);(37,223);(38,120);(39,89);(40,77);(41,219);(42,248);(43,121);(44,166);(45,126);(46,138);(47,151);(48,172);(49,161);(50,211);
1750;4;0;-1;13;0;9;33;0;29;860;8;(1,76);(2,105);(3,132);(4,72);(5,111);(6,121);(7,175);(8,154);(9,199);(10,86);(11,287);(12,136);(13,270);(14,224);(15,135);(16,79);(17,80);(18,212);(19,272);(20,155);(21,202);(22,303);(23,139);(24,97);(25,138);(26,74);(27,276);(28,133);(29,108);(30,71);(31,78);(32,213);(33,132);(34,165);(35,186);(36,94);(37,223);(38,125);(39,94);(40,77);(41,222);(42,248);(43,121);(44,166);(45,126);(46,140);(47,151);(48,172);(49,161);(50,211);
1760;4;0;-1;14;0;9;32;0;29;866;8;(1,80);(2,105);(3,136);(4,76);(5,111);(6,121);(7,180);(8,154);(9,199);(10,86);(11,288);(12,136);(13,270);(14,229);(15,135);(16,79);(17,80);(18,217);(19,272);(20,155);(21,202);(22,303);(23,145);(24,102);(25,138);(26,78);(27,276);(28,133);(29,108);(30,71);(31,78);(32,217);(33,132);(34,170);(35,186);(36,94);(37,223);(38,130);(39,100);(40,77);(41,228);(42,248);(43,121);(44,166);(45,126);(46,146);(47,151);(48,172);(49,161);(50,211);
1770;4;0;-1;12;0;8;34;0;29;872;9;(1,86);(2,105);(3,142);(4,81);(5,111);(6,121);(7,184);(8,154);(9,199);(10,86);(11,288);(12,137);(13,270);(14,234);(15,135);(16,79);(17,80);(18,223);(19,272);(20,155);(21,202);(22,303);(23,150);(24,108);(25,138);(26,84);(27,276);(28,133);(29,108);(30,71);(31,78);(32,222);(33,132);(34,173);(35,186);(36,94);(37,223);(38,131);(39,102);(40,77);(41,231);(42,248);(43,121);(44,166);(45,126);(46,150);(47,151);(48,172);(49,161);(50,211);
1780;4;0;-1;12;0;8;34;0;29;877;9;(1,89);(2,105);(3,146);(4,85);(5,111);(6,121);(7,189);(8,154);(9,199);(10,86);(11,288);(12,141);(13,270);(14,237);(15,135);(16,79);(17,80);(18,225);(19,272);(20,155);(21,202);(22,303);(23,153);(24,111);(25,138);(26,86);(27,276);(28,133);(29,108);(30,71);(31,78);(32,227);(33,132);(34,175);(35,186);(36,94);(37,223);(38,131);(39,106);(40,77);(41,235);(42,248);(43,121);(44,166);(45,126);(46,154);(47,151);(48,172);(49,161);(50,211);
1790;4;0;-1;13;0;8;33;0;29;883;9;(1,89);(2,105);(3,146);(4,87);(5,111);(6,121);(7,190);(8,154);(9,199);(10,86);(11,288);(12,143);(13,270);(14,240);(15,135);(16,79);(17,80);(18,229);(19,272);(20,155);(21,202);(22,303);(23,157);(24,115);(25,138);(26,89);(27,276);(28,133);(29,108);(30,71);(31,78);(32,229);(33,132);(34,175);(35,186);(36,94);(37,223);(38,131);(39,108);(40,77);(41,237);(42,248);(43,121);(44,166);(45,126);(46,156);(47,151);(48,172);(49,161);(50,211);
1800;4;0;-1;12;0;8;34;0;29;888;9;(1,89);(2,105);(3,147);(4,90);(5,111);(6,121);(7,191);(8,154);(9,199);(10,86);(11,288);(12,145);(13,270);(14,242);(15,135);(16,79);(17,80);(18,231);(19,272);(20,155);(21,202);(22,303);(23,159);(24,117);(25,138);(26,89);(27,276);(28,133);(29,108);(30,74);(31,78);(32,233);(33,132);(34,175);(35,186);(36,94);(37,223);(38,131);(39,112);(40,77);(41,241);(42,248);(43,121);(44,166);(45,126);(46,159);(47,151);(48,172);(49,161);(50,211);
1810;4;0;-1;13;0;8;33;0;29;894;9;(1,89);(2,105);(3,147);(4,92);(5,111);(6,121);(7,191);(8,154);(9,199);(10,86);(11,288);(12,147);(13,270);(14,244);(15,135);(16,79);(17,80);(18,233);(19,272);(20,155);(21,202);(22,303);(23,160);(24,117);(25,138);(26,89);(27,276);(28,133);(29,108);(30,76);(31,78);(32,235);(33,132);(34,175);(35,186);(36,94);(37,223);(38,131);(39,114);(40,77);(41,242);(42,248);(43,121);(44,166);(45,127);(46,162);(47,154);(48,172);(49,161);(50,211);
1820;4;0;-1;12;0;8;34;0;29;900;9;(1,89);(2,105);(3,147);(4,96);(5,111);(6,121);(7,191);(8,154);(9,199);(10,86);(11,288);(12,151);(13,270);(14,248);(15,135);(16,79);(17,80);(18,237);(19,272);(20,155);(21,202);(22,303);(23,160);(24,118);(25,138);(26,89);(27,276);(28,135);(29,108);(30,77);(31,78);(32,235);(33,132);(34,175);(35,186);(36,94);(37,223);(38,131);(39,114);(40,77);(41,243);(42,248);(43,121);(44,166);(45,129);(46,164);(47,156);(48,172);(49,161);(50,211);
1830;4;0;-1;12;0;8;34;0;29;907;9;(1,89);(2,105);(3,147);(4,96);(5,111);(6,121);(7,191);(8,154);(9,199);(10,86);(11,288);(12,151);(13,270);(14,248);(15,135);(16,79);(17,80);(18,237);(19,272);(20,155);(21,202);(22,303);(23,160);(24,118);(25,138);(26,89);(27,276);(28,135);(29,108);(30,78);(31,78);(32,236);(33,132);(34,175);(35,186);(36,94);(37,223);(38,131);(39,114);(40,77);(41,243);(42,248);(43,121);(44,167);(45,131);(46,166);(47,157);(48,172);(49,161);(50,211);
1840;4;0;-1;12;0;8;34;0;29;912;9;(1,89);(2,105);(3,147);(4,98);(5,111);(6,121);(7,191);(8,154);(9,199);(10,86);(11,288);(12,153);(13,270);(14,250);(15,135);(16,79);(17,80);(18,239);(19,272);(20,155);(21,202);(22,303);(23,160);(24,118);(25,138);(26,89);(27,276);(28,137);(29,108);(30,80);(31,78);(32,236);(33,132);(34,175);(35,186);(36,94);(37,223);(38,131);(39,116);(40,77);(41,243);(42,248);(43,121);(44,169);(45,132);(46,166);(47,158);(48,172);(49,161);(50,211);
1850;4;0;-1;11;0;7;35;0;30;918;9;(1,89);(2,105);(3,147);(4,99);(5,111);(6,121);(7,191);(8,154);(9,199);(10,86);(11,288);(12,153);(13,270);(14,250);(15,135);(16,79);(17,80);(18,241);(19,272);(20,155);(21,202);(22,303);(23,160);(24,118);(25,138);(26,89);(27,276);(28,139);(29,108);(30,81);(31,78);(32,236);(33,132);(34,175);(35,186);(36,94);(37,223);(38,131);(39,116);(40,77);(41,243);(42,248);(43,121);(44,169);(45,133);(46,168);(47,160);(48,172);(49,161);(50,211);
1860;4;0;-1;11;0;7;35;0;30;924;9;(1,89);(2,105);(3,147);(4,99);(5,111);(6,121);(7,191);(8,154);(9,199);(10,86);(11,288);(12,154);(13,270);(14,250);(15,135);(16,79);(17,80);(18,241);(19,272);(20,155);(21,202);(22,303);(23,160);(24,118);(25,138);(26,89);(27,276);(28,139);(29,108);(30,82);(31,78);(32,236);(33,132);(34,175);(35,186);(36,95);(37,223);(38,131);(39,120);(40,77);(41,247);(42,248);(43,121);(44,173);(45,137);(46,169);(47,162);(48,172);(49,161);(50,211);
1870;4;0;-1;11;0;7;35;0;30;931;9;(1,89);(2,105);(3,147);(4,99);(5,111);(6,121);(7,191);(8,154);(9,199);(10,86);(11,288);(12,155);(13,270);(14,252);(15,135);(16,79);(17,80);(18,243);(19,272);(20,155);(21,202);(22,303);(23,160);(24,118);(25,138);(26,89);(27,276);(28,141);(29,108);(30,84);(31,78);(32,236);(33,132);(34,175);(35,186);(36,97);(37,223);(38,131);(39,122);(40,77);(41,249);(42,248);(43,121);(44,175);(45,139);(46,169);(47,163);(48,172);(49,161);(50,211);
1880;3;0;-2;12;0;8;35;0;30;937;9;(1,89);(2,105);(3,147);(4,99);(5,111);(6,121);(7,191);(8,155);(9,199);(10,86);(11,288);(12,159);(13,270);(14,256);(15,135);(16,79);(17,80);(18,244);(19,272);(20,155);(21,202);(22,303);(23,160);(24,118);(25,138);(26,89);(27,276);(28,143);(29,108);(30,84);(31,78);(32,236);(33,132);(34,175);(35,186);(36,97);(37,223);(38,131);(39,122);(40,77);(41,249);(42,248);(43,121);(44,175);(45,139);(46,169);(47,164);(48,172);(49,161);(50,211);
1890;3;0;-2;13;0;8;34;0;30;943;9;(1,89);(2,105);(3,147);(4,99);(5,111);(6,121);(7,191);(8,155);(9,199);(10,86);(11,288);(12,159);(13,270);(14,256);(15,135);(16,79);(17,80);(18,244);(19,272);(20,155);(21,202);(22,303);(23,160);(24,118);(25,138);(26,89);(27,276);(28,143);(29,108);(30,84);(31,78);(32,236);(33,132);(34,175);(35,186);(36,97);(37,223);(38,131);(39,122);(40,77);(41,249);(42,248);(43,122);(44,177);(45,141);(46,169);(47,166);(48,172);(49,161);(50,211);
1900;3;0;-2;12;0;8;35;0;30;950;9;(1,89);(2,105);(3,147);(4,99);(5,111);(6,121);(7,191);(8,157);(9,199);(10,86);(11,288);(12,161);(13,270);(14,258);(15,135);(16,79);(17,80);(18,244);(19,272);(20,155);(21,202);(22,303);(23,160);(24,118);(25,138);(26,89);(27,276);(28,143);(29,108);(30,86);(31,78);(32,236);(33,132);(34,175);(35,186);(36,99);(37,223);(38,131);(39,124);(40,77);(41,251);(42,248);(43,124);(44,179);(45,142);(46,169);(47,166);(48,172);(49,161);(50,211);
1910;3;0;-2;12;0;8;35;0;30;956;9;(1,89);(2,105);(3,147);(4,99);(5,111);(6,121);(7,191);(8,159);(9,199);(10,86);(11,288);(12,161);(13,270);(14,260);(15,135);(16,79);(17,80);(18,244);(19,272);(20,155);(21,202);(22,303);(23,160);(24,118);(25,138);(26,89);(27,276);(28,143);(29,108);(30,88);(31,78);(32,236);(33,132);(34,175);(35,186);(36,101);(37,223);(38,131);(39,126);(40,77);(41,253);(42,248);(43,126);(44,180);(45,143);(46,169);(47,168);(48,172);(49,161);(50,211);
1920;3;0;-2;12;0;8;35;0;30;962;9;(1,89);(2,105);(3,147);(4,99);(5,111);(6,121);(7,191);(8,161);(9,199);(10,86);(11,288);(12,163);(13,270);(14,262);(15,135);(16,79);(17,80);(18,244);(19,272);(20,155);(21,202);(22,303);(23,160);(24,118);(25,138);(26,89);(27,276);(28,143);(29,108);(30,90);(31,78);(32,236);(33,135);(34,175);(35,186);(36,105);(37,223);(38,131);(39,129);(40,77);(41,255);(42,248);(43,128);(44,183);(45,147);(46,169);(47,171);(48,172);(49,161);(50,211);
1930;3;0;-2;12;0;8;35;0;30;968;9;(1,89);(2,105);(3,147);(4,99);(5,111);(6,121);(7,191);(8,165);(9,199);(10,86);(11,288);(12,167);(13,270);(14,266);(15,139);(16,83);(17,80);(18,244);(19,272);(20,155);(21,202);(22,303);(23,160);(24,118);(25,138);(26,89);(27,276);(28,143);(29,108);(30,94);(31,78);(32,236);(33,139);(34,175);(35,186);(36,109);(37,223);(38,131);(39,131);(40,77);(41,259);(42,248);(43,132);(44,187);(45,151);(46,169);(47,175);(48,172);(49,161);(50,211);
1940;4;0;-2;12;0;8;34;0;29;973;10;(1,89);(2,105);(3,147);(4,99);(5,111);(6,121);(7,191);(8,167);(9,199);(10,86);(11,288);(12,169);(13,270);(14,268);(15,142);(16,87);(17,80);(18,244);(19,272);(20,155);(21,202);(22,303);(23,160);(24,118);(25,138);(26,89);(27,276);(28,143);(29,108);(30,98);(31,78);(32,236);(33,143);(34,175);(35,186);(36,113);(37,223);(38,131);(39,131);(40,77);(41,262);(42,248);(43,134);(44,189);(45,152);(46,169);(47,176);(48,172);(49,161);(50,211);
1950;4;0;-2;12;0;8;34;0;29;979;10;(1,89);(2,105);(3,147);(4,99);(5,111);(6,121);(7,191);(8,167);(9,199);(10,86);(11,288);(12,171);(13,270);(14,270);(15,144);(16,89);(17,80);(18,244);(19,272);(20,155);(21,202);(22,303);(23,160);(24,118);(25,138);(26,89);(27,276);(28,143);(29,108);(30,100);(31,78);(32,236);(33,144);(34,175);(35,186);(36,113);(37,223);(38,131);(39,131);(40,77);(41,263);(42,248);(43,136);(44,191);(45,152);(46,169);(47,178);(48,172);(49,161);(50,211);
1960;4;0;-2;12;0;8;34;0;29;985;10;(1,89);(2,105);(3,147);(4,99);(5,111);(6,121);(7,191);(8,167);(9,199);(10,86);(11,288);(12,173);(13,270);(14,272);(15,146);(16,91);(17,80);(18,244);(19,272);(20,155);(21,202);(22,303);(23,160);(24,118);(25,138);(26,89);(27,276);(28,143);(29,108);(30,101);(31,78);(32,236);(33,145);(34,175);(35,186);(36,115);(37,223);(38,131);(39,131);(40,77);(41,263);(42,248);(43,138);(44,193);(45,152);(46,169);(47,180);(48,172);(49,161);(50,211);
1970;4;0;-2;13;0;8;33;0;28;990;11;(1,89);(2,105);(3,147);(4,99);(5,111);(6,121);(7,191);(8,167);(9,199);(10,86);(11,288);(12,173);(13,270);(14,272);(15,146);(16,91);(17,80);(18,244);(19,272);(20,155);(21,202);(22,303);(23,160);(24,118);(25,138);(26,89);(27,276);(28,143);(29,108);(30,102);(31,78);(32,236);(33,145);(34,175);(35,186);(36,115);(37,223);(38,131);(39,131);(40,77);(41,263);(42,248);(43,138);(44,193);(45,152);(46,169);(47,180);(48,172);(49,161);(50,211);
1980;4;0;-2;13;0;8;33;0;28;996;11;(1,89);(2,105);(3,147);(4,99);(5,111);(6,121);(7,191);(8,167);(9,199);(10,86);(11,288);(12,173);(13,270);(14,272);(15,146);(16,91);(17,80);(18,244);(19,272);(20,155);(21,202);(22,303);(23,160);(24,118);(25,138);(26,89);(27,276);(28,143);(29,108);(30,102);(31,78);(32,236);(33,145);(34,175);(35,186);(36,115);(37,223);(38,131);(39,131);(40,77);(41,263);(42,248);(43,138);(44,193);(45,152);(46,169);(47,180);(48,172);(49,161);(50,211);
1990;4;0;-2;13;0;8;33;0;28;1002;11;(1,89);(2,105);(3,147);(4,99);(5,111);(6,121);(7,191);(8,167);(9,199);(10,86);(11,288);(12,173);(13,270);(14,272);(15,146);(16,91);(17,80);(18,244);(19,272);(20,155);(21,202);(22,303);(23,160);(24,118);(25,138);(26,89);(27,276);(28,143);(29,108);(30,102);(31,78);(32,236);(33,145);(34,175);(35,186);(36,115);(37,223);(38,131);(39,131);(40,77);(41,263);(42,248);(43,138);(44,193);(45,152);(46,169);(47,180);(48,172);(49,161);(50,211);
2000;3;0;2;14;0;9;33;0;28;1007;11;(1,89);(2,105);(3,147);(4,99);(5,111);(6,121);(7,191);(8,167);(9,199);(10,86);(11,288);(12,173);(13,270);(14,272);(15,146);(16,91);(17,81);(18,244);(19,272);(20,155);(21,202);(22,303);(23,160);(24,118);(25,138);(26,89);(27,276);(28,143);(29,108);(30,102);(31,78);(32,236);(33,145);(34,175);(35,186);(36,115);(37,223);(38,131);(39,131);(40,77);(41,263);(42,248);(43,138);(44,193);(45,152);(46,169);(47,180);(48,172);(49,161);(50,211);
2010;6;0;2;11;0;9;33;0;28;1013;11;(1,89);(2,105);(3,147);(4,99);(5,111);(6,121);(7,191);(8,170);(9,199);(10,86);(11,288);(12,175);(13,270);(14,274);(15,150);(16,95);(17,85);(18,244);(19,272);(20,155);(21,202);(22,303);(23,160);(24,118);(25,138);(26,89);(27,276);(28,143);(29,108);(30,102);(31,78);(32,236);(33,149);(34,175);(35,186);(36,115);(37,223);(38,131);(39,131);(40,77);(41,267);(42,248);(43,142);(44,196);(45,152);(46,169);(47,183);(48,172);(49,161);(50,211);
2020;6;0;2;12;0;9;32;0;28;1019;11;(1,89);(2,105);(3,147);(4,99);(5,111);(6,123);(7,191);(8,173);(9,199);(10,86);(11,288);(12,179);(13,270);(14,275);(15,151);(16,97);(17,87);(18,244);(19,272);(20,155);(21,202);(22,303);(23,160);(24,118);(25,139);(26,89);(27,276);(28,143);(29,108);(30,102);(31,78);(32,236);(33,150);(34,175);(35,186);(36,115);(37,223);(38,131);(39,131);(40,77);(41,269);(42,248);(43,142);(44,199);(45,152);(46,169);(47,186);(48,172);(49,161);(50,211);
2030;5;0;1;13;0;10;32;0;27;1024;12;(1,89);(2,105);(3,147);(4,99);(5,111);(6,124);(7,191);(8,175);(9,199);(10,86);(11,288);(12,181);(13,270);(14,275);(15,152);(16,101);(17,91);(18,244);(19,272);(20,155);(21,203);(22,303);(23,160);(24,118);(25,145);(26,89);(27,276);(28,143);(29,108);(30,102);(31,78);(32,236);(33,150);(34,175);(35,186);(36,115);(37,223);(38,131);(39,131);(40,77);(41,275);(42,248);(43,143);(44,200);(45,152);(46,169);(47,186);(48,172);(49,161);(50,211);
2040;6;0;1;13;0;10;31;0;27;1029;12;(1,89);(2,105);(3,147);(4,99);(5,111);(6,126);(7,191);(8,177);(9,202);(10,86);(11,288);(12,184);(13,270);(14,275);(15,152);(16,103);(17,93);(18,244);(19,272);(20,155);(21,205);(22,303);(23,160);(24,118);(25,147);(26,89);(27,276);(28,143);(29,108);(30,102);(31,78);(32,236);(33,152);(34,175);(35,186);(36,115);(37,223);(38,131);(39,131);(40,77);(41,277);(42,248);(43,143);(44,200);(45,152);(46,169);(47,188);(48,172);(49,161);(50,211);
2050;6;0;1;14;0;10;30;0;26;1034;13;(1,89);(2,105);(3,147);(4,99);(5,111);(6,126);(7,191);(8,177);(9,202);(10,86);(11,288);(12,185);(13,270);(14,275);(15,152);(16,105);(17,95);(18,244);(19,272);(20,155);(21,205);(22,303);(23,160);(24,118);(25,147);(26,89);(27,276);(28,143);(29,108);(30,102);(31,79);(32,236);(33,152);(34,175);(35,186);(36,115);(37,223);(38,131);(39,131);(40,77);(41,278);(42,248);(43,143);(44,200);(45,152);(46,169);(47,188);(48,172);(49,161);(50,211);
2060;6;0;1;14;0;10;30;0;25;1039;14;(1,89);(2,105);(3,147);(4,99);(5,111);(6,130);(7,191);(8,180);(9,204);(10,86);(11,288);(12,187);(13,270);(14,275);(15,154);(16,107);(17,97);(18,244);(19,272);(20,155);(21,206);(22,303);(23,160);(24,118);(25,147);(26,89);(27,276);(28,143);(29,108);(30,102);(31,79);(32,236);(33,152);(34,175);(35,186);(36,115);(37,223);(38,131);(39,131);(40,77);(41,279);(42,248);(43,143);(44,200);(45,152);(46,169);(47,190);(48,172);(49,162);(50,211);
2070;7;0;1;14;0;10;29;0;24;1044;15;(1,89);(2,105);(3,147);(4,99);(5,111);(6,132);(7,191);(8,183);(9,208);(10,86);(11,288);(12,191);(13,270);(14,275);(15,157);(16,109);(17,99);(18,244);(19,272);(20,155);(21,209);(22,303);(23,160);(24,118);(25,151);(26,89);(27,276);(28,143);(29,108);(30,102);(31,83);(32,236);(33,152);(34,175);(35,186);(36,115);(37,223);(38,131);(39,131);(40,77);(41,283);(42,248);(43,143);(44,200);(45,152);(46,169);(47,193);(48,172);(49,162);(50,211);
2080;7;0;1;15;0;10;28;0;22;1049;17;(1,89);(2,105);(3,147);(4,99);(5,111);(6,133);(7,191);(8,183);(9,208);(10,86);(11,288);(12,191);(13,270);(14,275);(15,158);(16,111);(17,101);(18,244);(19,272);(20,155);(21,211);(22,303);(23,160);(24,118);(25,153);(26,89);(27,276);(28,143);(29,108);(30,102);(31,85);(32,236);(33,152);(34,175);(35,186);(36,115);(37,223);(38,131);(39,131);(40,77);(41,285);(42,248);(43,143);(44,200);(45,152);(46,169);(47,196);(48,172);(49,166);(50,211);
2090;6;0;0;16;0;11;28;0;22;1054;17;(1,89);(2,105);(3,147);(4,99);(5,111);(6,134);(7,191);(8,185);(9,210);(10,86);(11,288);(12,193);(13,270);(14,275);(15,160);(16,113);(17,103);(18,244);(19,272);(20,155);(21,213);(22,303);(23,160);(24,118);(25,155);(26,89);(27,276);(28,143);(29,108);(30,102);(31,87);(32,236);(33,152);(34,175);(35,186);(36,115);(37,223);(38,131);(39,131);(40,77);(41,285);(42,248);(43,143);(44,200);(45,152);(46,169);(47,196);(48,172);(49,166);(50,211);
2100;5;0;-1;17;0;12;28;0;22;1059;17;(1,89);(2,105);(3,147);(4,99);(5,111);(6,134);(7,191);(8,186);(9,210);(10,86);(11,288);(12,193);(13,270);(14,275);(15,160);(16,113);(17,103);(18,244);(19,272);(20,155);(21,213);(22,303);(23,160);(24,118);(25,155);(26,89);(27,276);(28,143);(29,109);(30,102);(31,89);(32,236);(33,152);(34,175);(35,186);(36,115);(37,223);(38,131);(39,131);(40,77);(41,287);(42,248);(43,143);(44,200);(45,153);(46,169);(47,198);(48,172);(49,168);(50,211);
2110;6;0;-1;17;0;12;27;0;21;1065;18;(1,89);(2,105);(3,147);(4,99);(5,111);(6,134);(7,191);(8,186);(9,210);(10,86);(11,288);(12,193);(13,270);(14,275);(15,160);(16,113);(17,103);(18,244);(19,273);(20,156);(21,216);(22,303);(23,160);(24,118);(25,157);(26,89);(27,276);(28,143);(29,109);(30,102);(31,91);(32,236);(33,152);(34,175);(35,186);(36,115);(37,223);(38,131);(39,131);(40,77);(41,289);(42,248);(43,143);(44,200);(45,155);(46,169);(47,200);(48,172);(49,169);(50,211);
2120;6;0;-1;17;0;12;27;0;21;1071;18;(1,89);(2,105);(3,147);(4,99);(5,111);(6,134);(7,191);(8,186);(9,214);(10,86);(11,288);(12,193);(13,270);(14,275);(15,164);(16,115);(17,106);(18,244);(19,275);(20,158);(21,219);(22,303);(23,160);(24,118);(25,161);(26,89);(27,276);(28,143);(29,109);(30,102);(31,94);(32,236);(33,152);(34,175);(35,186);(36,115);(37,223);(38,131);(39,131);(40,78);(41,293);(42,248);(43,143);(44,200);(45,159);(46,169);(47,204);(48,172);(49,173);(50,211);
2130;6;0;-1;17;0;12;27;0;21;1076;18;(1,89);(2,105);(3,147);(4,99);(5,111);(6,134);(7,191);(8,186);(9,218);(10,86);(11,288);(12,193);(13,270);(14,275);(15,168);(16,118);(17,109);(18,244);(19,279);(20,162);(21,219);(22,303);(23,160);(24,118);(25,165);(26,89);(27,276);(28,143);(29,113);(30,102);(31,98);(32,236);(33,152);(34,175);(35,186);(36,115);(37,223);(38,131);(39,131);(40,82);(41,297);(42,248);(43,143);(44,200);(45,163);(46,169);(47,208);(48,172);(49,177);(50,211);
2140;6;0;-1;18;0;12;26;0;21;1082;18;(1,89);(2,105);(3,147);(4,99);(5,111);(6,134);(7,191);(8,186);(9,222);(10,86);(11,288);(12,193);(13,270);(14,275);(15,172);(16,118);(17,113);(18,244);(19,282);(20,164);(21,221);(22,303);(23,160);(24,118);(25,167);(26,89);(27,279);(28,143);(29,116);(30,102);(31,101);(32,236);(33,152);(34,175);(35,186);(36,115);(37,223);(38,131);(39,131);(40,86);(41,301);(42,248);(43,143);(44,200);(45,167);(46,169);(47,212);(48,172);(49,182);(50,211);
2150;6;0;-1;17;0;12;27;0;21;1088;18;(1,89);(2,105);(3,147);(4,99);(5,111);(6,134);(7,191);(8,186);(9,226);(10,86);(11,288);(12,193);(13,270);(14,275);(15,176);(16,118);(17,116);(18,244);(19,285);(20,168);(21,225);(22,303);(23,160);(24,118);(25,171);(26,89);(27,283);(28,143);(29,121);(30,102);(31,106);(32,236);(33,152);(34,175);(35,186);(36,115);(37,223);(38,131);(39,131);(40,90);(41,305);(42,248);(43,143);(44,200);(45,171);(46,169);(47,215);(48,172);(49,184);(50,211);
2160;6;0;-1;17;0;12;27;0;21;1094;18;(1,89);(2,105);(3,147);(4,99);(5,111);(6,134);(7,191);(8,186);(9,230);(10,86);(11,288);(12,193);(13,270);(14,275);(15,180);(16,118);(17,121);(18,244);(19,290);(20,172);(21,229);(22,303);(23,160);(24,118);(25,175);(26,89);(27,286);(28,143);(29,123);(30,102);(31,109);(32,236);(33,152);(34,175);(35,186);(36,115);(37,223);(38,131);(39,131);(40,94);(41,307);(42,248);(43,143);(44,200);(45,175);(46,169);(47,219);(48,172);(49,188);(50,211);
2170;6;0;-1;17;0;12;27;0;21;1099;18;(1,89);(2,105);(3,147);(4,99);(5,111);(6,134);(7,191);(8,186);(9,232);(10,86);(11,288);(12,193);(13,270);(14,275);(15,182);(16,118);(17,123);(18,244);(19,293);(20,176);(21,233);(22,303);(23,160);(24,118);(25,179);(26,89);(27,290);(28,143);(29,127);(30,102);(31,113);(32,236);(33,152);(34,175);(35,186);(36,115);(37,223);(38,131);(39,131);(40,98);(41,308);(42,248);(43,143);(44,200);(45,177);(46,169);(47,222);(48,172);(49,191);(50,211);
2180;5;0;-2;18;0;13;27;0;21;1105;18;(1,89);(2,105);(3,147);(4,99);(5,111);(6,134);(7,191);(8,186);(9,234);(10,86);(11,288);(12,193);(13,270);(14,275);(15,186);(16,118);(17,127);(18,244);(19,297);(20,178);(21,235);(22,303);(23,160);(24,118);(25,181);(26,89);(27,293);(28,143);(29,130);(30,102);(31,115);(32,236);(33,152);(34,175);(35,186);(36,115);(37,223);(38,131);(39,131);(40,100);(41,308);(42,248);(43,143);(44,201);(45,180);(46,169);(47,222);(48,172);(49,194);(50,211);
2190;5;0;-2;19;0;13;26;0;20;1111;19;(1,89);(2,105);(3,147);(4,99);(5,111);(6,134);(7,191);(8,186);(9,234);(10,86);(11,288);(12,193);(13,270);(14,275);(15,190);(16,118);(17,131);(18,244);(19,299);(20,180);(21,237);(22,303);(23,160);(24,118);(25,183);(26,89);(27,294);(28,143);(29,131);(30,102);(31,117);(32,236);(33,152);(34,175);(35,186);(36,115);(37,223);(38,131);(39,131);(40,102);(41,308);(42,248);(43,143);(44,203);(45,183);(46,169);(47,226);(48,172);(49,198);(50,211);
2200;5;0;-3;19;0;14;26;0;20;1117;19;(1,89);(2,105);(3,147);(4,99);(5,111);(6,134);(7,191);(8,186);(9,234);(10,86);(11,288);(12,193);(13,270);(14,275);(15,192);(16,118);(17,133);(18,244);(19,300);(20,180);(21,237);(22,303);(23,160);(24,118);(25,183);(26,89);(27,295);(28,143);(29,133);(30,102);(31,119);(32,236);(33,152);(34,175);(35,186);(36,115);(37,223);(38,131);(39,131);(40,104);(41,308);(42,248);(43,143);(44,205);(45,185);(46,169);(47,226);(48,172);(49,200);(50,211);
