10;31;11;30;1;2;0;1;4;0
20;30;12;30;1;4;0;1;2;0
30;31;13;30;1;1;0;1;3;0
40;31;12;30;1;3;0;1;2;0
50;31;13;30;1;4;0;1;0;0
60;30;13;30;1;5;0;1;0;0
70;31;14;30;1;3;0;1;0;0
80;31;13;30;1;4;0;1;0;0
90;30;13;30;1;5;0;1;0;0
100;31;15;30;1;2;0;1;0;0
110;31;14;30;1;3;0;1;0;0
120;30;17;30;1;1;0;1;0;0
130;31;11;30;1;6;0;1;0;0
140;31;8;30;0;10;0;1;0;0
150;30;4;29;2;13;1;1;0;0
160;29;3;28;3;14;2;1;0;0
170;29;1;28;3;16;2;1;0;0
180;28;1;26;4;16;4;1;0;0
190;27;0;26;5;17;4;1;0;0
200;26;1;25;6;16;5;1;0;0
210;24;2;24;6;17;6;1;0;0
220;24;1;23;7;17;7;1;0;0
230;23;1;22;9;16;8;1;0;0
240;23;0;22;8;18;8;1;0;0
250;22;1;20;10;16;10;1;0;0
260;21;0;20;11;17;10;1;0;0
270;20;0;19;12;17;11;1;0;0
280;19;1;18;13;16;12;1;0;0
290;19;0;18;13;17;12;1;0;0
300;19;0;18;13;17;12;1;0;0
310;17;1;16;14;17;14;1;0;0
320;17;0;16;14;18;14;1;0;0
330;17;0;15;15;17;15;1;0;0
340;16;0;13;17;16;17;1;0;0
350;14;0;12;19;16;18;1;0;0
360;12;1;11;20;16;19;1;0;0
370;12;0;11;19;18;19;1;0;0
380;11;1;10;20;17;20;1;0;0
390;10;1;9;22;16;21;1;0;0
400;10;0;9;21;18;21;1;0;0
410;10;0;9;21;18;21;1;0;0
420;9;0;7;24;16;23;1;0;0
430;8;0;7;23;18;23;1;0;0
440;8;0;7;24;17;23;1;0;0
450;8;0;7;24;16;23;1;1;0
460;8;0;7;24;17;23;1;0;0
470;7;1;6;25;16;24;1;0;0
480;7;0;6;25;17;24;1;0;0
490;7;0;6;25;17;24;1;0;0
500;7;0;11;24;18;24;1;0;0
510;11;4;10;25;9;25;1;0;0
520;11;4;10;26;8;25;1;0;0
530;11;3;10;25;10;25;1;0;0
540;10;6;10;25;8;25;1;0;0
550;9;5;9;25;7;25;2;2;1
560;10;3;9;26;7;25;2;2;1
570;10;1;9;25;7;25;2;5;1
580;10;0;9;25;10;25;2;3;1
590;10;0;9;24;11;24;3;2;2
600;10;0;9;25;10;24;3;2;2
610;10;0;9;25;9;24;2;4;2
620;10;0;9;24;9;24;3;4;2
630;10;0;9;24;8;24;3;5;2
640;10;0;9;24;5;23;4;7;3
650;10;0;9;24;7;23;4;5;3
660;10;0;9;24;7;23;4;5;3
670;9;0;8;23;9;23;5;4;4
680;9;0;8;24;9;23;5;3;4
690;9;0;8;24;6;23;4;7;4
700;9;0;8;23;8;23;5;5;4
710;8;0;7;24;9;24;5;4;4
720;8;0;7;25;8;24;5;4;4
730;8;0;7;23;9;23;6;4;5
740;8;0;7;23;9;23;5;5;5
750;8;0;7;23;9;23;6;4;5
760;8;0;7;24;7;23;6;5;5
770;7;0;6;24;9;24;5;5;5
780;7;0;6;25;9;24;6;3;5
790;7;0;6;25;7;24;6;5;5
800;7;0;5;26;7;25;6;4;5
810;6;0;5;25;8;25;5;6;5
820;5;1;4;27;9;26;6;2;5
830;5;0;4;27;8;26;6;4;5
840;5;0;4;25;9;25;6;5;6
850;5;0;4;25;10;25;6;4;6
860;5;0;4;25;4;24;8;8;7
870;3;0;2;26;5;26;8;8;7
880;3;0;2;27;7;26;8;5;7
890;3;0;2;26;10;26;7;4;7
900;3;0;2;27;7;26;7;6;7
910;3;0;2;26;9;25;8;4;8
920;3;0;2;26;7;25;9;5;8
930;3;0;2;25;9;25;9;4;8
940;2;0;1;27;8;26;9;4;8
950;2;0;1;26;7;25;10;5;9
960;2;0;1;25;7;25;10;6;9
970;2;0;1;24;8;24;10;6;10
980;2;0;1;24;9;24;10;5;10
990;1;1;0;26;6;25;11;5;10
1000;1;0;5;23;7;23;13;6;12
1010;5;0;5;23;5;23;12;5;12
1020;5;2;5;23;6;23;13;1;12
1030;6;1;5;23;4;23;12;4;12
1040;5;2;5;24;3;23;13;3;12
1050;5;4;5;22;3;22;14;2;13
1060;5;2;5;23;2;22;14;4;13
1070;5;2;5;23;3;22;13;4;13
1080;6;2;5;23;3;22;12;4;12
1090;6;0;5;22;5;22;13;4;12
1100;6;0;5;23;6;22;12;3;12
1110;6;0;5;22;6;22;12;4;12
1120;6;0;5;22;7;22;13;2;12
1130;6;0;5;21;4;21;14;5;13
1140;6;0;5;21;4;21;14;5;13
1150;6;0;5;22;4;21;13;5;13
1160;6;0;5;21;4;20;14;5;14
1170;6;0;5;19;5;19;15;5;15
1180;4;1;3;21;4;20;17;3;16
1190;4;0;3;21;4;20;16;5;16
1200;4;0;3;20;4;20;16;6;16
1210;4;0;3;20;4;20;17;5;16
1220;3;0;2;21;5;21;17;4;16
1230;2;1;1;22;6;22;16;3;16
1240;2;0;1;23;3;22;16;6;16
1250;2;0;1;23;7;22;17;1;16
1260;1;0;0;23;9;23;17;0;16
1270;1;0;0;23;9;23;17;0;16
1280;1;0;0;23;7;22;18;1;17
1290;1;0;0;22;7;22;17;3;16
1300;1;0;0;23;7;22;16;3;16
1310;1;0;0;22;6;22;17;4;16
1320;1;0;0;21;5;20;19;4;18
1330;1;0;0;21;3;20;19;6;18
1340;1;0;0;20;6;20;19;4;18
1350;1;0;0;19;6;19;19;5;19
1360;1;0;0;18;6;18;20;5;20
1370;1;0;0;18;6;17;21;4;20
1380;1;0;0;17;3;16;21;8;21
1390;1;0;0;17;4;16;21;7;21
1400;1;0;0;17;3;16;21;8;21
1410;0;0;-1;16;6;16;23;5;22
1420;0;0;-1;16;5;16;23;6;22
1430;0;0;-1;16;7;16;23;4;22
1440;0;0;-1;16;7;16;23;4;22
1450;0;0;-1;17;7;16;22;4;22
1460;0;0;-1;16;6;16;21;7;21
1470;0;0;-1;16;7;16;22;5;21
1480;0;0;-1;16;7;16;22;5;21
1490;0;0;-1;17;5;16;21;7;21
1500;0;0;4;15;6;15;22;7;22
1510;4;2;4;15;4;15;23;2;22
1520;5;2;4;16;1;15;23;3;22
1530;4;3;4;15;2;14;24;2;23
1540;5;2;4;15;2;14;24;2;23
1550;4;4;4;13;5;13;23;1;23
1560;5;2;4;14;4;13;24;1;23
1570;4;3;4;14;4;13;22;3;22
1580;5;1;4;13;4;13;23;4;22
1590;4;4;4;12;3;12;22;5;22
1600;5;2;4;11;7;11;24;1;23
1610;5;3;4;12;4;11;24;2;23
1620;5;2;4;11;6;10;25;1;24
1630;5;2;4;10;3;10;23;7;23
1640;5;0;4;11;6;10;24;4;23
1650;5;0;4;11;5;10;24;5;23
1660;5;0;4;11;5;10;23;6;23
1670;5;0;4;11;5;10;22;7;22
1680;5;0;4;11;5;10;22;7;22
1690;5;0;4;10;8;10;22;5;22
1700;5;0;4;10;8;10;23;4;22
1710;5;0;4;10;7;10;23;5;22
1720;5;0;4;11;6;10;23;5;22
1730;5;0;4;10;6;10;22;7;22
1740;5;0;4;10;8;10;23;4;22
1750;5;0;4;10;6;10;22;7;22
1760;4;1;3;11;7;11;23;4;22
1770;4;0;3;12;8;11;23;3;22
1780;4;0;3;11;4;10;24;7;23
1790;4;0;3;10;9;10;24;3;23
1800;4;0;3;10;7;10;24;5;23
1810;4;0;3;11;6;10;24;5;23
1820;4;0;3;11;8;10;23;4;23
1830;4;0;3;10;6;10;23;7;23
1840;4;0;3;10;9;10;24;3;23
1850;4;0;3;10;6;9;25;5;24
1860;4;0;3;10;6;9;24;6;23
1870;4;0;3;10;9;9;23;4;23
1880;4;0;3;10;6;9;23;7;22
1890;4;0;3;10;8;9;22;6;22
1900;4;0;3;10;6;9;23;7;22
1910;3;0;2;11;9;10;22;5;21
1920;3;0;2;11;11;10;21;4;21
1930;3;0;2;11;9;10;22;5;21
1940;2;0;1;12;10;11;22;4;21
1950;2;0;1;11;8;11;22;7;21
1960;2;0;1;10;7;10;23;8;22
1970;2;0;1;11;10;10;22;5;21
1980;2;0;1;10;11;10;21;6;21
1990;2;0;1;10;11;10;21;6;21
2000;2;0;6;10;10;10;22;6;21
2010;5;5;5;12;3;11;21;4;21
2020;5;2;5;11;4;11;22;6;21
2030;5;2;5;10;7;10;22;4;21
2040;4;6;4;12;2;11;22;4;21
2050;5;5;4;11;4;11;22;3;21
2060;4;5;4;11;4;11;21;5;21
2070;5;2;4;11;4;11;21;7;21
2080;5;2;4;11;6;11;21;5;21
2090;4;5;4;12;3;11;22;4;21
2100;5;2;4;11;8;11;21;3;20
2110;5;4;4;12;6;11;21;2;20
2120;5;5;4;11;5;11;21;3;20
2130;4;4;4;10;8;10;21;3;20
2140;5;0;4;10;14;10;21;0;20
2150;5;0;4;11;13;10;21;0;20
2160;5;0;4;10;10;9;22;3;21
2170;5;0;4;10;7;9;22;6;21
2180;5;0;4;10;7;9;22;6;21
2190;5;0;4;10;8;9;22;5;21
2200;5;0;4;10;7;9;22;6;21
2210;5;0;4;9;11;9;22;3;21
2220;5;0;4;10;8;9;22;5;21
2230;5;0;4;9;10;8;21;5;20
2240;5;0;4;9;7;8;21;8;20
2250;5;0;4;9;10;8;21;5;20
2260;5;0;4;7;8;7;22;8;21
2270;4;0;3;9;8;8;22;7;21
2280;3;0;2;10;13;9;20;4;20
2290;3;0;2;10;11;9;21;5;20
2300;3;0;2;10;9;9;21;7;20
2310;3;0;2;10;11;9;21;5;20
2320;3;0;2;10;10;9;20;7;20
2330;3;0;2;10;10;9;20;7;20
2340;3;0;2;9;8;9;20;10;20
2350;3;0;2;10;10;9;21;6;20
2360;3;0;2;9;8;8;22;8;21
2370;3;0;2;9;9;8;22;7;21
2380;2;0;1;10;9;9;20;9;20
2390;2;0;1;9;10;9;20;9;20
2400;2;0;1;9;9;9;21;9;20
2410;2;0;0;9;9;10;20;10;20
2420;1;0;0;11;6;10;21;11;20
2430;1;0;0;9;11;9;22;7;21
2440;1;0;0;10;8;9;22;9;21
2450;1;0;0;9;10;9;21;9;21
2460;1;0;0;10;8;9;22;9;21
2470;1;0;0;10;6;9;22;11;21
2480;1;0;0;9;12;9;22;6;21
2490;1;0;0;9;11;9;21;8;21
2500;1;0;5;10;10;9;22;7;21
2510;6;4;5;10;6;9;22;2;21
2520;5;6;5;9;7;9;22;1;21
2530;5;5;5;9;5;9;22;4;21
2540;6;5;5;10;7;9;22;0;21
2550;6;3;5;9;8;9;22;2;21
2560;6;2;5;10;8;9;22;2;21
2570;6;0;5;9;10;9;22;3;21
2580;6;0;5;10;9;9;22;3;21
2590;6;0;5;9;8;9;22;5;21
2600;6;0;5;10;6;9;21;7;21
2610;6;0;5;9;5;9;21;9;21
2620;6;0;5;10;7;9;22;5;21
2630;6;0;5;9;8;9;21;6;20
2640;6;0;5;10;5;9;21;8;20
2650;6;0;5;9;7;9;20;8;20
2660;6;0;5;9;10;8;22;3;21
2670;5;0;4;9;7;9;22;7;21
2680;5;0;4;10;4;9;20;11;20
2690;5;0;4;10;7;9;20;8;20
2700;5;0;4;10;7;9;20;8;20
2710;5;0;4;10;7;9;20;8;20
2720;5;0;4;10;5;9;21;9;20
2730;5;0;4;10;7;9;20;8;20
2740;5;0;4;10;8;9;20;7;20
2750;5;0;4;9;7;8;22;7;21
2760;5;0;4;8;6;7;22;9;22
2770;4;0;3;9;5;8;22;10;22
2780;3;0;2;9;11;9;22;5;22
2790;3;0;2;10;9;9;22;6;21
2800;3;0;2;10;7;9;22;8;21
2810;2;0;1;11;10;10;22;5;21
2820;2;0;1;10;12;10;22;4;21
2830;2;0;1;11;11;10;22;4;21
2840;2;0;1;11;16;10;21;0;20
2850;2;0;1;10;13;9;22;3;21
2860;2;0;1;9;14;9;22;3;20
2870;1;0;0;10;15;10;21;3;20
2880;1;0;0;11;11;10;21;6;20
2890;1;0;0;11;12;10;19;7;19
2900;1;0;0;10;12;10;19;8;19
2910;1;0;0;10;12;10;19;8;19
2920;1;0;0;10;18;10;17;4;17
2930;1;0;0;10;14;10;17;8;17
2940;1;0;0;10;15;10;18;6;17
2950;1;0;0;10;16;10;18;5;17
2960;1;0;0;11;12;10;18;8;17
2970;0;0;-1;12;10;11;18;10;17
2980;0;0;-1;11;10;11;17;12;17
2990;0;0;-1;12;10;11;17;11;17
3000;0;0;4;12;10;11;18;10;17
3010;4;5;4;11;8;11;18;4;17
3020;5;6;4;12;6;11;17;4;16
3030;4;7;4;12;5;11;16;6;16
3040;5;5;4;12;6;11;16;6;16
3050;5;2;4;10;5;10;17;11;17
3060;5;4;4;11;9;10;18;3;17
3070;4;4;4;10;9;10;17;6;17
3080;4;3;4;11;9;10;18;5;17
3090;5;3;4;10;9;10;18;5;17
3100;5;3;4;10;9;10;18;5;17
3110;5;0;4;11;8;10;17;9;17
3120;5;0;4;11;9;10;16;9;16
3130;5;0;4;10;9;10;17;9;16
3140;5;0;4;11;10;10;17;7;16
3150;5;0;4;10;9;10;17;9;16
3160;5;0;4;10;9;10;16;10;15
3170;5;0;4;11;14;10;16;4;15
3180;5;0;4;10;14;10;16;5;15
3190;5;0;4;11;12;10;15;7;15
3200;5;0;4;10;10;10;16;9;15
3210;5;0;4;10;14;10;15;6;14
3220;5;0;4;11;12;10;15;7;14
3230;5;0;4;11;12;10;15;7;14
3240;5;0;4;10;13;9;16;6;15
3250;5;0;4;9;10;9;15;11;15
3260;5;0;4;9;12;9;16;8;15
3270;5;0;4;9;13;9;16;7;15
3280;5;0;4;10;11;9;16;8;15
3290;5;0;4;9;10;9;16;10;15
3300;5;0;4;10;9;9;15;11;15
3310;5;0;4;10;10;9;16;9;15
3320;5;0;4;10;10;9;16;9;15
3330;5;0;4;10;12;9;15;8;15
3340;5;0;4;10;10;9;15;10;15
3350;4;0;3;8;10;8;18;10;17
3360;4;0;3;8;9;8;17;12;17
3370;3;1;2;10;8;9;17;11;17
3380;3;0;2;10;6;9;18;13;17
3390;3;0;2;9;9;9;17;12;17
3400;3;0;2;10;10;9;18;9;17
3410;3;0;2;10;9;9;18;10;17
3420;3;0;2;10;10;9;17;10;17
3430;3;0;2;9;7;9;17;14;17
3440;3;0;2;10;9;9;18;10;17
3450;3;0;2;9;13;9;17;8;17
3460;3;0;2;9;15;9;18;5;17
3470;3;0;2;9;14;9;18;6;17
3480;2;0;1;10;12;10;17;9;17
3490;2;0;1;9;14;9;19;6;18
3500;1;1;5;10;13;10;18;7;18
3510;6;3;5;10;13;10;18;0;17
3520;6;3;5;11;11;10;18;1;17
3530;6;4;5;11;8;10;18;3;17
3540;6;1;5;11;12;10;18;2;17
3550;6;0;5;11;8;10;18;7;17
3560;6;0;5;11;9;10;18;6;17
3570;6;0;5;10;11;10;17;6;17
3580;6;0;5;9;10;9;19;6;18
3590;6;0;5;9;9;9;19;7;18
3600;6;0;5;10;10;9;18;6;18
3610;6;0;5;10;11;9;19;4;18
3620;6;0;5;10;12;9;19;3;18
3630;6;0;5;10;13;9;19;2;18
3640;6;0;5;9;11;9;19;5;18
3650;6;0;5;9;11;9;18;6;18
3660;6;0;5;10;9;9;19;6;18
3670;6;0;5;10;8;9;19;7;18
3680;5;1;4;10;11;10;18;5;18
3690;5;0;4;11;10;10;18;6;18
3700;5;0;4;10;7;9;19;9;19
3710;5;0;4;8;6;8;21;10;20
3720;5;0;4;9;5;7;22;9;21
3730;5;0;4;7;7;7;21;10;20
3740;5;0;4;8;7;7;21;9;20
3750;5;0;4;8;7;7;20;10;20
3760;5;0;4;8;5;7;20;12;19
3770;5;0;4;7;10;7;20;8;19
3780;5;0;4;7;10;7;19;9;19
3790;5;0;4;8;9;7;20;8;19
3800;5;0;4;8;12;7;20;5;19
3810;5;0;4;7;12;7;20;6;19
3820;5;0;4;7;13;7;19;6;19
3830;5;0;4;7;11;7;19;8;19
3840;5;0;4;8;11;7;19;7;19
3850;5;0;4;7;13;7;19;6;18
3860;5;0;4;8;12;7;19;6;18
3870;4;0;3;9;11;8;18;8;17
3880;4;0;3;9;18;8;16;3;16
3890;4;0;3;8;12;7;18;8;17
3900;4;0;3;7;12;7;17;10;17
3910;4;0;3;7;12;7;16;11;16
3920;4;0;3;8;14;7;17;7;16
3930;4;0;3;8;15;7;17;6;16
3940;4;0;3;7;15;7;17;7;16
3950;4;0;3;7;15;7;17;7;16
3960;4;0;3;8;15;7;17;6;16
3970;4;0;3;8;15;7;17;6;16
3980;4;0;3;8;19;7;17;2;16
3990;4;0;3;8;20;7;17;1;16
4000;4;0;8;8;20;7;17;1;16
4010;9;10;8;8;6;7;17;0;16
4020;8;9;8;6;6;6;18;3;17
4030;9;8;8;6;8;6;18;1;17
4040;9;9;8;6;8;6;18;0;17
4050;9;8;8;6;8;6;18;1;17
4060;9;0;8;6;13;6;18;4;17
4070;9;0;8;6;9;6;18;8;17
4080;9;0;8;7;10;6;17;7;17
4090;9;0;8;7;8;6;18;8;17
4100;9;0;8;6;8;6;18;9;17
4110;9;0;8;7;11;6;17;6;16
4120;8;1;7;8;8;7;16;9;16
4130;8;0;7;7;10;7;17;8;16
4140;8;0;7;7;9;7;16;10;16
4150;8;0;7;7;8;7;17;10;16
4160;8;0;7;7;8;7;16;11;16
4170;7;0;6;8;9;7;18;8;17
4180;7;0;5;9;12;8;16;6;15
4190;6;1;5;8;18;8;15;2;14
4200;6;1;5;8;19;8;15;1;14
4210;6;0;5;8;15;8;14;7;14
4220;5;1;4;9;12;8;15;8;14
4230;3;1;2;10;17;10;14;5;14
4240;3;0;2;11;12;10;15;9;14
4250;3;0;2;10;13;10;15;9;14
4260;3;0;2;10;13;10;14;10;14
4270;3;0;2;10;14;10;15;8;14
4280;2;1;1;12;11;11;15;9;14
4290;2;0;1;11;12;11;15;10;14
4300;2;0;1;11;15;11;14;8;14
4310;2;0;1;11;16;11;14;7;14
4320;2;0;1;12;14;11;15;7;14
4330;2;0;1;11;13;10;16;8;15
4340;2;0;1;11;14;10;16;7;15
4350;2;0;1;10;13;10;15;10;15
4360;2;0;1;10;15;10;15;8;15
4370;2;0;1;11;15;10;16;6;15
4380;2;0;1;11;16;10;16;5;15
4390;2;0;0;12;12;11;16;8;15
4400;1;1;0;10;11;10;17;10;16
4410;1;0;0;11;14;10;16;8;16
4420;1;0;0;10;17;10;17;5;16
4430;1;0;0;10;16;10;17;6;16
4440;1;0;0;11;15;10;17;6;16
4450;1;0;0;11;14;10;17;7;16
4460;1;0;0;10;14;10;17;8;16
4470;1;0;0;11;14;10;17;7;16
4480;1;0;0;11;14;10;17;7;16
4490;1;0;0;10;14;10;16;9;16
4500;1;0;5;11;16;10;17;5;16
4510;5;7;5;11;8;10;17;2;16
4520;6;5;5;11;8;10;17;3;16
4530;6;3;5;11;6;10;17;7;16
4540;6;3;5;11;7;10;17;6;16
4550;6;1;5;10;10;10;16;7;16
4560;6;0;5;10;13;10;16;5;16
4570;6;0;5;8;9;8;18;9;18
4580;6;0;5;8;8;8;19;9;18
4590;6;0;5;9;6;8;19;10;18
4600;6;0;5;8;7;8;17;12;17
4610;6;0;5;8;10;7;18;8;18
4620;6;0;5;8;8;7;19;9;18
4630;6;0;5;8;6;7;19;11;18
4640;6;0;5;8;8;7;18;10;18
4650;6;0;5;7;10;7;19;8;18
4660;6;0;5;7;11;7;18;8;18
4670;6;0;5;7;10;7;18;9;18
4680;6;0;5;7;10;7;19;8;18
4690;5;0;4;8;13;8;18;6;18
4700;5;0;4;8;16;8;18;3;17
4710;5;0;4;9;17;8;18;1;17
4720;5;0;4;9;18;8;18;0;17
4730;4;1;3;10;17;9;18;0;17
4740;4;0;3;10;18;9;18;0;17
4750;4;0;3;10;18;9;18;0;17
4760;4;0;3;10;18;9;18;0;16
4770;4;0;3;9;19;8;18;0;17
4780;4;0;3;9;14;8;18;5;17
4790;4;0;3;8;19;8;18;1;17
4800;4;0;3;9;19;8;18;0;17
4810;4;0;3;9;16;8;18;3;17
4820;4;0;3;8;14;8;17;7;17
4830;4;0;3;8;12;8;17;9;17
4840;4;0;3;9;13;8;18;6;17
4850;2;2;1;11;10;10;18;7;17
4860;2;0;1;10;11;9;18;9;17
4870;2;0;1;10;10;9;18;10;17
4880;2;0;1;10;13;9;18;7;17
4890;2;0;1;10;15;9;18;5;17
4900;2;0;1;9;12;8;19;8;18
4910;2;0;1;9;13;8;18;8;18
4920;2;0;1;8;12;8;18;10;18
4930;2;0;1;9;11;8;19;9;18
4940;2;0;1;9;12;8;17;10;17
4950;2;0;1;9;14;8;17;8;17
4960;2;0;1;9;12;8;18;9;17
4970;2;0;1;8;13;8;17;10;17
4980;2;0;1;8;11;8;18;11;17
4990;2;0;1;8;14;8;17;9;16
5000;2;0;6;9;9;8;17;13;16
5010;6;8;6;8;5;8;16;7;16
5020;7;5;6;9;6;8;16;7;16
5030;6;8;6;9;7;8;17;3;16
5040;7;4;6;9;5;8;17;8;16
5050;7;3;6;7;7;7;17;9;17
5060;6;2;6;8;6;7;18;10;17
5070;7;3;6;8;6;7;18;8;17
5080;7;0;6;8;10;7;17;8;17
5090;7;0;6;8;10;7;17;8;16
5100;7;0;6;8;12;7;17;6;16
5110;7;0;6;8;11;7;16;8;16
5120;7;0;6;7;11;7;16;9;16
5130;7;0;6;8;13;7;17;5;16
5140;7;0;6;8;14;7;17;4;16
5150;7;0;6;6;9;6;18;10;17
5160;7;0;6;6;12;6;18;7;17
5170;7;0;6;6;11;6;18;8;17
5180;7;0;6;7;8;6;18;10;17
5190;7;0;6;7;9;6;17;10;17
5200;7;0;6;6;10;6;18;9;17
5210;7;0;6;7;10;6;18;8;17
5220;7;0;6;6;11;6;18;8;17
5230;7;0;6;6;10;6;17;10;17
5240;7;0;6;6;10;6;18;9;17
5250;7;0;6;6;8;6;18;11;17
5260;6;1;5;7;9;7;18;9;17
5270;6;0;5;7;8;6;19;10;18
5280;6;0;5;7;7;6;18;12;18
5290;6;0;5;6;8;6;19;11;18
5300;6;0;5;6;9;6;19;10;18
5310;6;0;5;7;10;6;18;9;18
5320;6;0;5;6;9;6;18;11;18
5330;6;0;5;6;10;6;19;9;18
5340;5;0;4;7;13;7;19;6;18
5350;5;0;4;8;13;7;19;5;18
5360;5;0;4;8;10;7;19;8;18
5370;4;0;3;9;11;8;19;7;18
5380;4;0;3;9;8;8;19;10;18
5390;4;0;3;8;11;8;18;9;18
5400;4;0;3;8;7;8;19;12;18
5410;4;0;3;9;11;8;19;7;18
5420;3;1;2;10;10;9;18;8;17
5430;3;0;2;9;11;9;18;9;17
5440;2;0;1;11;11;10;18;8;17
5450;2;0;1;11;13;10;17;7;17
5460;2;0;1;10;15;10;18;5;17
5470;2;0;1;11;13;10;18;6;17
5480;1;0;0;12;10;11;17;10;17
5490;1;0;0;12;9;11;18;10;17
5500;1;0;5;11;9;10;19;10;18
5510;6;3;5;10;8;10;19;4;18
5520;4;6;4;11;9;11;19;1;18
5530;5;5;4;12;6;11;19;3;18
5540;5;3;4;11;8;11;19;4;18
5550;5;1;4;11;10;11;19;4;18
5560;5;1;4;11;12;11;19;2;18
5570;5;4;4;11;10;11;19;1;18
5580;5;1;4;10;12;10;19;3;18
5590;5;0;4;10;15;10;19;1;18
5600;5;0;4;11;15;10;19;0;18
5610;5;0;4;10;16;10;19;0;18
5620;5;0;4;11;10;10;17;7;17
5630;5;0;4;11;15;10;18;1;17
5640;5;0;4;10;12;10;18;5;17
5650;5;0;4;10;12;10;18;5;17
5660;5;0;4;11;14;10;17;3;17
5670;5;0;4;11;11;10;18;5;17
5680;5;0;4;10;14;10;18;3;17
5690;5;0;4;11;11;10;17;6;17
5700;5;0;4;11;12;10;18;4;17
5710;5;0;4;10;9;10;17;9;17
5720;5;0;4;10;10;10;17;8;17
5730;5;0;4;11;7;10;16;11;16
5740;5;0;4;9;13;9;18;5;17
5750;5;0;4;10;10;9;16;9;15
5760;5;0;4;9;12;9;15;9;15
5770;5;0;4;9;11;8;17;8;16
5780;5;0;4;8;8;7;18;11;17
5790;5;0;4;8;9;7;18;10;17
5800;5;0;4;8;10;7;17;10;16
5810;5;0;4;8;13;7;17;7;16
5820;5;0;4;7;16;7;17;5;16
5830;5;0;4;8;13;7;17;7;16
5840;5;0;4;6;10;6;17;12;16
5850;5;0;4;7;13;6;17;8;16
5860;5;0;4;7;14;6;17;7;16
5870;5;0;4;7;18;6;17;3;16
5880;3;2;2;8;19;8;16;2;15
5890;3;1;2;9;21;8;16;0;15
5900;3;1;2;8;22;8;16;0;14
5910;2;2;1;10;20;9;15;1;14
5920;2;0;1;10;23;9;15;0;14
5930;2;0;1;9;24;9;15;0;14
5940;2;0;1;10;18;9;15;5;14
5950;2;0;1;10;17;9;15;6;14
5960;2;0;1;9;18;9;14;7;14
5970;2;0;1;9;19;9;15;5;14
5980;2;0;1;10;17;9;15;6;14
5990;2;0;1;10;18;9;15;5;14
6000;2;0;6;10;16;9;15;7;14
6010;7;5;6;9;10;9;15;4;14
6020;6;8;6;9;7;9;14;6;14
6030;6;5;6;9;9;9;15;6;14
6040;6;1;5;11;10;10;14;8;14
6050;6;0;5;10;11;10;15;8;14
6060;6;0;5;11;10;10;15;8;14
6070;6;0;5;11;9;10;15;9;14
6080;6;0;5;10;12;10;14;8;14
6090;5;2;4;12;9;10;16;6;15
6100;5;2;4;10;8;10;16;9;15
6110;4;4;4;10;8;10;15;9;15
6120;5;0;4;11;10;10;16;8;15
6130;5;0;4;11;11;10;15;8;15
6140;5;0;4;11;10;10;16;8;15
6150;5;0;4;11;9;10;16;9;15
6160;5;0;4;10;11;10;15;9;15
6170;5;0;4;9;10;9;17;9;16
6180;5;0;4;10;11;9;17;7;16
6190;5;0;4;9;12;9;16;8;16
6200;5;0;4;9;10;9;17;9;16
6210;5;0;4;9;9;9;17;10;16
6220;5;0;4;9;9;9;16;11;16
6230;5;0;4;10;8;9;17;10;16
6240;4;0;3;11;8;10;17;10;16
6250;4;0;3;11;10;10;16;9;16
6260;4;0;3;11;11;10;16;8;16
6270;4;0;3;11;11;10;16;8;16
6280;4;0;3;10;9;10;16;11;16
6290;4;0;3;10;11;10;16;9;16
6300;4;0;3;11;8;10;17;10;16
6310;4;0;3;10;7;10;16;13;15
6320;4;0;3;10;10;10;15;11;15
6330;4;0;3;11;9;10;15;11;15
6340;4;0;3;10;9;9;16;11;16
6350;4;0;3;10;10;9;17;9;16
6360;4;0;3;10;9;9;16;11;16
6370;4;0;3;10;8;9;16;12;16
6380;4;0;3;10;12;9;17;7;16
6390;4;0;3;9;16;9;17;4;16
6400;4;0;3;10;13;9;17;6;16
6410;4;0;3;9;15;9;17;5;16
6420;4;0;3;10;18;9;17;1;16
6430;4;0;3;9;20;9;17;0;16
6440;4;0;3;10;19;9;17;0;16
6450;4;0;3;10;19;9;17;0;16
6460;4;0;3;8;16;7;19;3;18
6470;3;0;2;8;12;8;19;8;18
6480;3;0;2;8;10;8;19;10;18
6490;3;0;2;9;11;8;19;8;18
6500;3;0;7;9;11;8;19;8;18
6510;8;4;7;9;4;8;19;6;18
6520;7;4;7;9;7;8;18;5;17
6530;8;2;7;9;5;8;18;8;17
6540;7;2;7;9;7;8;17;8;17
6550;8;1;7;9;7;8;17;8;17
6560;8;2;7;9;6;8;18;7;17
6570;8;2;7;9;7;8;18;6;17
6580;7;4;7;7;8;7;19;5;18
6590;7;4;7;7;6;7;19;7;17
6600;8;2;7;8;4;7;17;11;16
6610;8;0;7;8;11;7;17;6;16
6620;8;0;7;7;17;7;16;2;15
6630;8;0;7;8;18;7;16;0;15
6640;8;0;7;8;18;7;16;0;15
6650;8;0;7;8;15;7;16;3;15
6660;8;0;7;7;11;7;16;8;15
6670;8;0;7;8;13;7;16;5;15
6680;8;0;7;8;15;7;15;4;14
6690;8;0;7;8;18;7;15;1;14
6700;8;0;7;7;17;6;15;3;15
6710;8;0;7;7;13;6;16;6;15
6720;8;0;7;6;14;6;15;7;15
6730;8;0;7;7;15;6;15;5;14
6740;7;1;6;7;18;6;16;1;15
6750;7;1;6;6;18;5;17;1;16
6760;7;1;6;6;14;5;17;5;16
6770;7;0;6;6;13;5;17;7;16
6780;7;0;6;5;12;5;17;9;16
6790;7;0;6;5;12;5;16;10;16
6800;7;0;6;6;9;5;17;11;16
6810;7;0;6;6;10;5;17;10;16
6820;7;0;6;6;9;5;17;11;16
6830;7;0;6;6;11;5;17;9;16
6840;6;1;5;7;10;6;16;10;15
6850;5;0;4;8;15;7;16;6;15
6860;5;0;4;7;12;7;15;11;15
6870;5;0;4;8;13;7;16;8;15
6880;5;0;4;7;12;7;16;10;15
6890;5;0;4;7;12;7;16;10;15
6900;5;0;4;7;11;7;15;12;15
6910;5;0;4;8;12;7;15;10;15
6920;5;0;4;8;13;7;16;8;15
6930;5;0;4;8;8;7;16;13;15
6940;5;0;4;7;14;7;15;9;15
6950;5;0;4;7;8;7;16;14;15
6960;5;0;4;7;10;6;17;11;16
6970;5;0;4;6;10;6;16;13;16
6980;5;0;4;7;8;6;16;14;16
6990;5;0;4;7;10;6;16;12;16
7000;5;0;9;6;9;6;16;14;16
7010;10;3;9;7;6;6;16;8;16
7020;9;4;8;8;9;7;16;4;15
7030;9;3;8;7;10;7;16;5;15
7040;8;4;7;9;6;8;16;7;15
7050;8;3;7;8;10;8;16;5;15
7060;8;3;7;8;10;8;15;6;15
7070;8;2;7;8;10;8;16;6;15
7080;7;0;6;10;8;9;15;10;15
7090;7;0;6;9;8;9;16;10;15
7100;7;0;6;10;9;9;16;8;15
7110;7;0;6;10;11;9;15;7;15
7120;7;0;6;8;9;8;16;10;16
7130;7;0;6;9;9;8;16;9;16
7140;7;0;6;9;11;8;17;6;16
7150;7;0;6;9;9;8;17;8;16
7160;7;0;6;9;11;8;17;6;16
7170;6;0;5;9;15;9;17;3;16
7180;6;0;5;9;13;9;17;5;16
7190;6;0;5;9;11;9;16;8;16
7200;6;0;5;9;13;9;17;5;16
7210;6;0;5;9;13;9;17;5;16
7220;6;0;5;9;9;9;17;9;16
7230;6;0;5;10;8;9;16;10;16
7240;6;0;5;9;13;9;16;6;16
7250;6;0;5;10;10;9;16;8;16
7260;6;0;5;9;9;9;16;10;16
7270;6;0;5;10;12;9;16;6;16
7280;6;0;5;10;8;9;17;9;16
7290;6;0;5;9;10;9;17;8;16
7300;6;0;5;9;13;9;17;5;16
7310;6;0;5;10;11;9;17;6;16
7320;6;0;5;10;12;9;17;5;16
7330;6;0;5;10;6;9;17;11;16
7340;5;1;4;10;9;10;17;8;16
7350;5;0;4;10;11;10;17;7;16
7360;5;0;4;11;8;10;17;9;16
7370;5;0;4;9;10;9;17;9;17
7380;5;0;4;10;7;9;18;10;17
7390;5;0;4;9;10;9;17;9;17
7400;5;0;4;8;7;8;18;12;18
7410;4;0;3;10;8;9;19;9;18
7420;3;0;2;10;8;10;18;11;18
7430;3;0;2;11;11;10;19;6;18
7440;3;0;2;10;13;10;16;8;15
7450;3;0;2;10;20;10;16;1;15
7460;3;0;2;11;20;10;16;0;15
7470;3;0;2;11;20;10;16;0;15
7480;2;0;1;12;20;11;16;0;15
7490;2;0;1;10;17;10;17;4;16
7500;1;1;5;12;14;11;17;5;16
7510;6;6;5;11;6;11;17;4;16
7520;6;5;5;11;10;11;17;1;16
7530;6;9;5;12;6;11;17;0;16
7540;5;5;5;11;12;11;17;0;16
7550;6;2;5;11;11;11;17;3;16
7560;6;1;5;11;8;11;17;7;16
7570;6;0;5;12;8;11;17;7;16
7580;6;0;5;12;11;11;17;4;16
7590;6;0;5;12;8;11;16;8;16
7600;6;0;5;12;8;11;17;7;16
7610;6;0;5;11;9;11;16;8;16
7620;6;0;5;12;9;11;17;6;16
7630;6;0;5;11;10;11;15;8;15
7640;6;0;5;12;10;11;16;6;15
7650;6;0;5;12;8;11;16;8;15
7660;6;0;5;12;9;11;16;7;15
7670;6;0;5;10;9;10;17;8;16
7680;6;0;5;11;10;10;16;7;16
7690;6;0;5;10;5;10;16;13;16
7700;6;0;5;10;8;10;17;9;16
7710;6;0;5;10;7;10;16;11;16
7720;6;0;5;10;8;10;16;10;16
7730;6;0;5;11;8;10;16;9;16
7740;6;0;5;11;7;10;16;10;15
7750;6;0;5;10;12;10;16;6;15
7760;5;1;4;11;11;10;17;5;16
7770;5;0;4;11;12;10;17;5;16
7780;5;0;4;11;17;10;16;1;15
7790;5;0;4;11;16;10;16;2;15
7800;5;0;4;11;10;10;16;8;15
7810;5;0;4;11;12;10;15;7;15
7820;4;1;3;12;15;11;16;2;14
7830;4;0;3;12;18;11;16;0;14
7840;4;0;3;12;18;11;16;0;14
7850;4;0;3;10;20;9;16;0;15
7860;4;0;3;10;20;9;16;0;14
7870;4;0;3;9;21;9;16;0;14
7880;4;0;3;10;21;9;15;0;14
7890;4;0;3;10;21;9;15;0;14
7900;4;0;3;10;21;9;15;0;14
7910;4;0;3;10;21;9;15;0;14
7920;4;0;3;9;18;8;16;3;15
7930;4;0;3;9;10;8;16;11;15
7940;4;0;3;8;8;7;17;13;16
7950;4;0;3;8;6;7;17;15;16
7960;4;0;3;8;7;7;17;14;16
7970;3;0;2;9;8;8;17;13;16
7980;3;0;2;9;7;8;17;14;16
7990;3;0;2;8;11;8;17;11;16
8000;3;0;7;9;8;8;17;13;16
8010;7;4;7;9;5;8;16;9;16
8020;7;5;6;10;5;9;16;7;16
8030;6;7;6;9;6;9;16;6;16
8040;7;4;6;9;8;9;17;5;16
8050;5;4;5;10;6;10;16;9;16
8060;6;3;5;11;8;10;17;5;16
8070;6;2;5;9;8;9;17;8;17
8080;5;3;5;10;6;9;17;9;17
8090;6;0;5;9;7;9;18;10;17
8100;6;0;5;10;8;9;18;8;17
8110;6;0;5;10;9;9;17;8;17
8120;6;0;5;10;8;9;18;8;17
8130;6;0;5;9;9;9;17;9;17
8140;6;0;5;9;6;8;19;10;18
8150;6;0;5;9;8;8;17;10;17
8160;6;0;5;9;8;8;18;9;17
8170;6;0;5;8;8;8;18;10;17
8180;5;0;4;10;8;9;18;9;17
8190;5;0;4;8;10;8;19;8;18
8200;5;0;4;8;11;8;18;8;18
8210;5;0;4;9;10;8;18;8;18
8220;5;0;4;9;10;8;19;7;18
8230;5;0;4;8;11;8;18;8;18
8240;5;0;4;8;13;7;18;6;18
8250;5;0;4;8;9;7;19;9;18
8260;5;0;4;8;8;7;18;11;18
8270;5;0;4;8;12;7;19;6;18
8280;5;0;4;6;10;6;19;10;19
8290;5;0;4;6;12;6;20;7;19
8300;5;0;4;6;13;6;20;6;19
8310;5;0;4;6;10;6;20;9;19
8320;4;0;3;6;10;6;21;9;20
8330;4;0;3;7;12;6;21;6;20
8340;4;0;3;6;15;6;21;4;20
8350;4;0;3;7;13;6;21;5;20
8360;4;0;3;6;12;6;21;7;20
8370;4;0;3;6;13;6;20;7;20
8380;4;0;3;6;12;6;20;8;20
8390;4;0;3;6;8;6;21;11;20
8400;4;0;3;5;11;5;22;8;21
8410;4;0;3;5;11;5;21;9;20
8420;4;0;3;5;11;5;21;9;20
8430;4;0;3;6;10;5;21;9;20
8440;4;0;3;5;12;5;20;9;20
8450;4;0;3;6;12;5;21;7;20
8460;4;0;3;6;9;5;21;10;20
8470;4;0;3;6;13;5;21;6;20
8480;4;0;3;5;10;5;21;10;20
8490;4;0;3;6;9;5;20;11;19
8500;4;0;8;6;11;5;19;10;19
8510;9;5;8;6;5;5;20;5;19
8520;8;3;7;6;6;6;19;8;19
8530;7;6;7;7;6;6;19;5;19
8540;8;5;7;6;5;6;18;8;18
8550;8;1;7;7;8;6;18;8;18
8560;8;2;7;7;10;6;19;4;18
8570;8;1;7;6;8;6;19;8;18
8580;8;0;7;7;10;6;18;7;18
8590;8;0;7;7;9;6;18;8;17
8600;8;0;7;6;13;6;18;5;17
8610;8;0;7;6;11;6;17;8;16
8620;8;0;7;7;9;6;17;9;16
8630;8;0;7;7;11;6;17;7;16
8640;8;0;7;7;12;6;17;6;16
8650;8;0;7;7;14;6;17;4;16
8660;8;0;7;6;18;6;17;1;16
8670;8;0;7;7;14;6;17;4;16
8680;8;0;7;7;12;6;17;6;16
8690;8;0;7;6;9;6;17;10;16
8700;8;0;7;7;10;6;16;9;16
8710;8;0;7;7;12;6;17;6;16
8720;8;0;7;6;15;6;16;5;16
8730;8;0;7;7;12;6;16;7;16
8740;8;0;7;7;7;6;17;11;16
8750;8;0;7;7;11;6;17;7;16
8760;8;0;7;7;10;6;16;9;16
8770;7;0;6;7;10;6;17;9;17
8780;7;0;6;7;6;6;18;12;17
8790;7;0;6;6;11;6;17;9;17
8800;7;0;6;7;9;6;18;9;17
8810;6;1;5;8;8;7;18;9;17
8820;6;0;5;6;12;6;18;8;18
8830;6;0;5;6;11;6;19;8;18
8840;6;0;5;7;12;6;18;7;18
8850;6;0;5;7;9;6;18;10;17
8860;5;0;4;7;10;7;18;10;17
8870;5;0;4;7;12;7;17;9;17
8880;5;0;4;8;14;7;17;6;17
8890;4;1;3;9;11;8;18;7;17
8900;3;1;2;10;8;9;17;11;17
8910;3;0;2;9;11;9;18;9;17
8920;3;0;2;10;10;9;17;10;16
8930;3;0;2;10;12;9;17;8;16
8940;3;0;2;9;10;8;18;10;17
8950;3;0;2;9;12;8;18;8;17
8960;3;0;2;9;10;8;17;11;17
8970;3;0;2;9;8;8;18;12;17
8980;3;0;2;9;11;8;18;9;17
8990;3;0;2;9;10;8;17;11;17
9000;3;0;7;9;9;8;18;11;17
9010;8;5;7;8;7;8;18;4;17
9020;6;7;6;9;8;9;17;3;16
9030;7;8;6;9;6;9;17;3;16
9040;7;4;6;9;11;9;17;2;16
9050;6;5;6;10;7;9;16;6;16
9060;7;4;6;10;8;9;17;4;16
9070;7;1;6;9;14;9;17;2;16
9080;7;1;6;9;12;9;17;4;16
9090;6;2;5;11;10;10;16;5;16
9100;6;5;5;10;10;10;16;3;16
9110;6;3;5;10;11;10;17;3;16
9120;6;0;4;11;12;11;16;5;16
9130;5;0;4;12;10;11;17;6;16
9140;5;0;4;11;11;11;17;6;16
9150;5;0;4;12;12;11;17;4;16
9160;5;0;4;12;10;11;17;6;16
9170;5;0;4;11;12;11;16;6;16
9180;5;0;4;11;9;11;16;9;16
9190;5;0;4;11;10;11;17;7;16
9200;5;0;4;11;9;11;16;9;16
9210;5;0;4;12;6;11;16;11;16
9220;5;0;4;12;7;11;17;9;16
9230;5;0;4;11;9;10;17;8;17
9240;5;0;4;11;8;10;18;8;17
9250;5;0;4;10;8;10;17;10;17
9260;5;0;4;11;6;10;17;11;17
9270;5;0;4;11;5;10;17;12;17
9280;5;0;4;10;7;9;16;12;17
9290;5;0;4;10;4;9;18;13;17
9300;5;0;4;10;0;9;18;17;17
9310;5;0;4;10;2;9;18;15;17
9320;4;1;3;11;3;10;17;14;17
9330;4;0;3;10;9;10;17;10;17
9340;4;0;3;11;10;10;17;8;17
9350;4;0;3;11;11;10;18;6;17
9360;4;0;3;11;11;10;18;6;17
9370;4;0;3;11;11;10;18;6;17
9380;4;0;3;11;12;10;18;5;17
9390;4;0;3;11;10;10;18;7;17
9400;4;0;3;10;13;10;17;6;16
9410;4;0;3;11;11;10;17;7;16
9420;4;0;3;11;12;10;17;6;16
9430;4;0;3;10;13;9;17;6;16
9440;4;0;3;10;10;9;16;10;15
9450;4;0;3;9;15;9;15;7;15
9460;4;0;3;10;16;9;15;5;14
9470;4;0;3;10;14;8;16;6;15
9480;4;0;3;9;10;8;16;11;15
9490;4;0;3;8;10;8;16;12;15
9500;2;1;6;10;12;10;15;10;15
9510;6;6;6;11;7;10;16;4;15
9520;7;7;6;10;4;9;17;5;16
9530;7;5;6;10;6;9;17;5;16
9540;7;6;6;9;6;8;17;5;17
9550;6;4;6;9;4;8;17;10;17
9560;6;3;6;8;7;8;17;9;17
9570;7;0;6;9;9;8;17;8;17
9580;7;0;6;7;10;7;18;8;18
9590;7;0;6;8;7;7;18;10;17
9600;7;0;6;8;10;7;18;7;17
9610;7;0;6;8;10;7;18;7;17
9620;7;0;6;7;9;6;18;9;18
9630;7;0;6;5;8;5;19;11;19
9640;7;0;6;6;6;5;20;11;19
9650;7;0;6;5;7;5;19;12;19
9660;7;0;6;6;6;5;20;11;19
9670;7;0;6;5;7;5;20;11;19
9680;7;0;6;6;10;5;20;7;19
9690;7;0;6;6;8;5;20;9;19
9700;7;0;6;6;9;5;19;9;18
9710;7;0;6;6;16;5;19;2;18
9720;7;0;6;6;17;5;19;1;18
9730;7;0;6;6;18;5;19;0;18
9740;7;0;6;6;18;5;19;0;17
9750;7;0;6;6;18;5;18;1;17
9760;7;0;6;6;18;5;17;2;16
9770;7;0;6;5;15;5;17;6;16
9780;7;0;6;5;17;5;15;6;15
9790;7;0;6;6;17;5;15;5;15
9800;7;0;5;7;14;6;15;7;15
9810;6;0;5;7;12;6;15;10;15
9820;5;0;4;8;12;7;16;9;15
9830;5;0;4;8;13;7;15;9;15
9840;5;0;4;8;13;7;16;8;15
9850;5;0;4;8;10;7;16;11;15
9860;5;0;4;7;16;7;16;6;15
9870;5;0;4;8;9;7;15;13;15
9880;5;0;4;8;10;7;16;11;15
9890;5;0;4;7;8;7;15;15;15
9900;5;0;4;8;12;7;16;9;15
9910;5;0;4;7;13;7;15;10;15
9920;4;0;3;8;13;8;16;9;15
9930;4;0;3;9;16;8;16;5;15
9940;4;0;3;8;14;8;16;8;15
9950;4;0;3;8;18;8;16;4;15
9960;4;0;3;7;16;7;16;7;16
9970;4;0;3;8;11;7;16;11;16
9980;4;0;3;8;12;7;17;9;16
9990;4;0;3;8;14;7;17;7;16
10000;4;0;8;8;13;7;17;8;16
10010;9;6;8;8;10;7;16;1;15
10020;8;10;8;8;8;7;16;0;15
10030;9;2;8;8;10;7;15;6;15
10040;9;5;8;7;7;7;15;7;15
10050;9;6;8;8;6;7;16;5;15
10060;9;6;8;7;7;7;16;5;15
10070;8;5;8;7;9;7;15;6;15
10080;9;3;8;8;9;7;16;5;15
10090;8;4;8;8;9;7;16;5;15
10100;9;2;8;8;9;7;15;7;14
10110;8;0;7;8;10;8;15;9;14
10120;8;0;7;8;9;8;14;11;14
10130;8;0;7;9;12;8;14;7;13
10140;8;0;7;9;12;8;13;8;13
10150;8;0;7;9;12;8;14;7;13
10160;8;0;7;9;11;8;14;8;13
10170;8;0;7;9;11;8;14;8;13
10180;8;0;7;8;11;8;13;10;13
10190;8;0;7;9;8;8;13;12;13
10200;8;0;7;9;13;8;14;6;13
10210;8;0;7;8;14;8;14;6;13
10220;8;0;7;8;12;7;14;8;14
10230;8;0;7;8;11;7;15;8;14
10240;7;1;6;9;15;8;15;3;14
10250;7;0;6;9;19;8;15;0;14
10260;7;0;6;9;19;8;15;0;14
10270;7;0;6;8;10;7;15;10;15
10280;7;0;6;8;9;7;15;11;15
10290;7;0;6;8;10;7;15;10;15
10300;7;0;6;8;14;7;16;5;15
10310;7;0;6;7;14;7;16;6;15
10320;7;0;6;7;15;7;16;5;15
10330;7;0;6;8;15;7;16;4;15
10340;7;0;6;8;15;7;16;4;15
10350;7;0;6;8;13;7;16;6;15
10360;7;0;6;8;10;7;15;10;15
10370;7;0;6;7;11;6;17;8;16
10380;7;0;6;6;10;6;17;10;16
10390;7;0;6;7;7;6;17;12;16
10400;7;0;5;8;5;7;16;14;16
10410;6;0;5;7;6;7;17;14;16
10420;6;0;5;8;7;7;17;12;16
10430;6;0;5;8;10;7;17;9;16
10440;6;0;5;8;10;7;17;9;16
10450;6;0;5;7;10;7;17;10;16
10460;6;0;5;8;11;7;16;9;16
10470;6;0;5;8;9;7;17;10;16
10480;6;0;5;7;10;6;17;10;17
10490;6;0;5;6;8;5;18;12;18
10500;6;0;10;6;9;5;19;10;18
10510;11;6;10;6;3;5;18;6;18
10520;11;3;10;6;5;5;19;6;18
10530;11;5;10;5;4;5;19;6;18
10540;10;7;10;6;4;5;19;4;18
10550;10;4;10;5;7;5;18;6;17
10560;10;5;10;6;7;5;18;4;17
10570;11;3;10;5;8;5;17;6;17
10580;11;0;10;6;11;5;17;5;17
10590;11;0;10;5;12;5;18;4;17
10600;11;0;10;6;9;5;18;6;17
10610;11;0;10;6;9;5;17;7;16
10620;11;0;10;6;12;5;17;4;16
10630;11;0;10;6;15;5;17;1;16
10640;11;0;10;6;14;5;16;3;16
10650;10;0;9;6;11;6;17;6;16
10660;9;0;8;7;11;7;17;6;16
10670;9;0;8;8;12;7;17;4;16
10680;9;0;8;8;10;7;17;6;16
10690;8;1;7;8;6;8;17;10;16
10700;8;0;7;9;11;8;17;5;16
10710;8;0;7;8;10;8;16;8;16
10720;8;0;7;8;11;8;17;6;16
10730;8;0;7;9;10;8;17;6;16
10740;8;0;7;9;11;8;17;5;16
10750;8;0;7;9;14;8;16;3;15
10760;8;0;7;8;18;8;16;0;15
10770;7;1;6;10;16;9;16;0;15
10780;7;0;6;8;17;8;17;1;16
10790;5;1;4;11;10;10;17;6;16
10800;5;1;4;10;13;10;17;4;16
10810;5;0;4;11;17;10;17;0;16
10820;5;0;4;11;17;10;17;0;16
10830;5;0;4;11;17;10;17;0;16
10840;5;0;4;11;17;10;17;0;16
10850;5;0;4;11;17;10;17;0;16
10860;5;0;4;10;18;10;17;0;16
10870;5;0;4;10;18;10;17;0;16
10880;5;0;4;11;17;10;17;0;15
10890;5;0;4;10;18;10;17;0;15
10900;5;0;4;11;17;10;17;0;14
10910;5;0;4;11;18;10;16;0;14
10920;5;0;4;11;18;10;16;0;14
10930;5;0;4;11;18;10;15;1;14
10940;5;0;4;11;11;10;15;8;14
10950;4;1;3;12;10;11;14;9;14
10960;4;0;3;12;8;11;14;12;14
10970;4;0;3;11;14;11;15;6;14
10980;4;0;3;12;13;11;14;7;14
10990;4;0;3;12;12;11;14;8;14
11000;4;0;8;12;9;11;15;10;14
11010;8;7;8;12;9;11;12;2;12
11020;8;8;8;12;6;11;13;3;12
11030;9;5;8;10;11;10;13;2;12
11040;8;8;8;11;10;10;13;0;12
11050;8;6;8;11;12;10;13;0;12
11060;9;8;8;11;9;10;13;0;12
11070;9;6;8;11;11;10;13;0;12
11080;8;6;8;9;12;9;14;1;13
11090;8;1;7;11;9;10;14;7;13
11100;8;0;7;11;13;10;14;4;13
11110;8;0;7;11;10;10;14;7;13
11120;8;0;7;9;11;9;14;8;14
11130;8;0;7;10;9;9;14;9;14
11140;8;0;7;10;9;9;15;8;14
11150;8;0;7;10;8;9;15;9;14
11160;7;1;6;10;9;10;15;8;14
11170;7;0;6;10;8;10;15;10;14
11180;7;0;6;10;7;10;14;12;14
11190;7;0;6;10;9;10;15;9;14
11200;7;0;6;10;10;10;14;9;14
11210;7;0;6;11;6;10;15;11;14
11220;7;0;6;11;9;10;15;8;14
11230;7;0;6;11;8;10;15;9;14
11240;7;0;6;10;10;10;15;8;14
11250;7;0;6;11;8;10;15;9;14
11260;7;0;6;11;9;10;15;8;14
11270;7;0;6;11;9;10;15;8;14
11280;7;0;6;10;9;9;15;9;15
11290;7;0;6;10;8;9;16;9;15
11300;7;0;6;9;11;9;15;8;15
11310;7;0;6;10;9;9;16;8;15
11320;7;0;5;10;10;10;15;8;15
11330;6;0;5;10;11;10;15;8;15
11340;6;0;5;10;11;10;16;7;15
11350;6;0;5;10;9;10;15;10;15
11360;6;0;5;11;9;10;16;8;15
11370;6;0;5;11;7;10;16;10;15
11380;6;0;5;10;11;10;15;8;15
11390;6;0;5;9;10;9;17;8;16
11400;6;0;5;9;10;9;17;8;16
11410;5;0;4;11;9;10;17;8;16
11420;5;0;4;10;9;9;18;8;17
11430;5;0;4;10;9;9;18;8;17
11440;5;0;4;10;11;9;18;6;17
11450;5;0;4;10;7;9;18;10;17
11460;5;0;4;9;11;9;17;8;17
11470;5;0;4;9;9;8;19;8;18
11480;5;0;4;9;8;8;18;10;18
11490;5;0;4;8;8;7;19;10;19
11500;5;0;9;8;5;7;20;12;19
11510;10;4;9;8;4;7;19;5;19
11520;10;2;9;7;2;7;20;9;19
11530;10;0;9;7;6;7;19;8;19
11540;10;0;9;8;8;7;20;4;19
11550;10;0;9;7;7;7;19;7;19
11560;10;0;9;7;6;7;19;8;19
11570;10;0;9;8;8;7;20;4;19
11580;10;0;9;8;6;7;20;6;19
11590;10;0;9;7;8;7;19;6;19
11600;10;0;9;7;9;7;19;5;18
11610;10;0;9;7;8;7;19;6;18
11620;10;0;9;7;10;7;18;5;17
11630;10;0;9;8;9;7;16;7;16
11640;10;0;9;8;11;7;17;4;16
11650;9;0;8;8;10;8;16;7;16
11660;9;0;8;8;12;8;17;4;16
11670;9;0;8;7;12;7;18;4;17
11680;9;0;8;8;10;7;18;5;17
11690;9;0;8;7;9;6;18;7;18
11700;9;0;8;6;9;6;19;7;18
11710;8;1;7;8;5;7;19;9;18
11720;8;0;7;7;8;7;18;9;18
11730;8;0;7;8;11;7;19;4;18
11740;8;0;7;8;8;7;19;7;18
11750;8;0;7;6;8;6;18;10;18
11760;8;0;7;7;11;6;19;5;18
11770;8;0;7;7;11;6;18;6;18
11780;8;0;7;7;8;6;19;8;18
11790;7;1;6;7;7;7;19;9;18
11800;7;0;6;8;9;7;18;8;18
11810;7;0;6;7;10;6;18;8;18
11820;7;0;6;7;8;6;18;10;18
11830;7;0;6;6;10;6;19;8;18
11840;7;0;6;6;7;6;18;12;18
11850;6;0;5;8;7;7;19;10;18
11860;6;0;5;7;9;7;19;9;18
11870;6;0;5;8;7;7;19;10;18
11880;6;0;5;8;11;7;19;6;18
11890;5;1;4;8;8;8;19;9;18
11900;4;0;3;9;7;9;18;12;18
11910;4;0;3;9;10;9;19;8;18
11920;3;0;2;11;10;10;19;7;18
11930;3;0;2;10;13;10;19;5;18
11940;3;0;2;11;10;10;19;7;18
11950;3;0;2;11;11;10;18;7;17
11960;3;0;2;10;12;10;17;8;17
11970;3;0;2;10;10;10;18;9;17
11980;3;0;2;11;12;10;16;8;16
11990;3;0;2;10;11;10;16;10;15
12000;3;0;7;10;15;10;16;6;15
12010;8;4;7;11;7;10;16;4;15
12020;8;3;7;9;5;9;16;9;16
12030;8;0;7;9;10;9;17;6;16
12040;8;0;7;9;10;9;16;7;16
12050;8;0;7;10;12;9;17;3;16
12060;8;0;7;10;13;9;17;2;16
12070;8;0;7;10;10;9;16;6;16
12080;8;0;7;10;13;9;17;2;16
12090;8;0;7;10;11;9;17;4;16
12100;8;0;7;9;10;8;18;5;17
12110;8;0;7;9;9;8;18;6;17
12120;8;0;7;9;7;8;17;9;17
12130;8;0;7;8;5;8;18;11;17
12140;8;0;6;10;7;9;17;8;17
12150;7;0;6;9;7;9;18;9;17
12160;7;0;6;10;10;9;17;6;17
12170;7;0;6;9;8;9;17;9;17
12180;7;0;6;10;6;9;18;9;17
12190;7;0;6;10;9;9;17;7;17
12200;7;0;6;9;9;9;18;7;17
12210;7;0;6;9;12;8;19;3;18
12220;7;0;6;8;7;7;18;10;18
12230;7;0;6;8;8;7;18;9;18
12240;7;0;6;8;9;7;19;7;18
12250;7;0;6;7;10;7;19;7;18
12260;7;0;5;8;8;8;18;9;18
12270;7;0;5;9;8;8;18;8;18
12280;7;0;5;9;7;8;19;8;18
12290;6;0;5;8;13;8;18;5;18
12300;6;0;5;8;11;8;19;6;18
12310;5;1;4;9;15;9;18;2;17
12320;5;0;4;9;14;9;18;4;17
12330;5;0;4;10;11;9;18;6;17
12340;5;0;4;10;11;9;17;7;17
12350;5;0;4;9;9;9;17;10;17
12360;5;0;4;10;7;9;18;10;17
12370;4;1;2;11;9;11;18;7;17
12380;3;1;2;12;8;11;17;9;17
12390;3;0;2;11;10;11;17;9;17
12400;3;0;2;11;5;11;17;14;17
12410;3;0;2;12;8;11;17;10;17
12420;3;0;2;11;10;11;17;9;17
12430;3;0;2;11;9;11;18;9;17
12440;3;0;2;12;12;11;17;6;17
12450;3;0;2;12;10;11;17;8;17
12460;3;0;2;12;12;11;17;6;17
12470;3;0;2;11;13;11;17;6;16
12480;3;0;2;11;12;11;17;7;16
12490;3;0;2;12;12;11;17;6;16
12500;3;0;7;12;14;11;17;4;16
12510;8;8;7;11;6;11;17;0;16
12520;8;3;7;10;9;10;18;2;17
12530;7;6;7;9;7;9;19;2;18
12540;8;4;7;10;4;9;19;5;18
12550;8;2;7;9;7;9;18;6;18
12560;8;0;7;10;5;9;18;9;18
12570;8;0;7;9;5;9;19;9;18
12580;8;0;7;10;7;9;18;7;18
12590;8;0;7;9;6;9;19;8;18
12600;8;0;7;9;10;8;19;4;19
12610;8;0;7;8;3;7;20;11;20
12620;8;0;7;7;6;6;21;8;21
12630;8;0;7;7;5;6;20;10;19
12640;8;0;7;7;9;6;19;7;19
12650;8;0;7;6;10;6;20;6;19
12660;8;0;7;7;10;6;19;6;19
12670;8;0;7;7;11;6;20;4;19
12680;8;0;7;7;12;6;19;4;18
12690;7;1;6;7;16;7;19;0;18
12700;7;0;6;7;15;7;19;2;18
12710;7;0;6;7;13;7;18;5;17
12720;7;0;6;8;17;7;18;0;17
12730;7;0;6;8;16;7;18;1;17
12740;7;0;6;6;11;6;18;8;18
12750;7;0;6;6;13;6;18;6;18
12760;7;0;6;6;11;6;19;7;18
12770;7;0;6;6;12;6;19;6;18
12780;7;0;6;7;15;6;19;2;18
12790;7;0;6;7;17;6;18;1;18
12800;7;0;6;7;13;6;19;4;18
12810;7;0;6;7;13;6;18;5;18
12820;6;1;5;7;10;7;19;7;18
12830;6;1;5;8;11;7;18;6;18
12840;6;0;5;8;9;7;19;8;18
12850;6;0;5;7;9;7;17;11;17
12860;6;0;5;8;10;7;18;8;17
12870;6;0;5;8;12;7;18;6;17
12880;6;0;5;7;8;7;17;12;17
12890;6;0;5;7;11;7;18;8;17
12900;4;2;3;9;12;9;18;5;17
12910;4;1;3;10;10;9;17;8;17
12920;4;0;3;10;12;9;16;8;16
12930;4;0;3;10;11;9;17;8;16
12940;4;0;3;10;10;9;17;9;16
12950;4;0;3;10;8;9;17;11;16
12960;4;0;3;9;10;9;16;11;16
12970;4;0;3;10;7;9;17;12;16
12980;4;0;3;9;13;9;17;7;16
12990;4;0;3;10;11;9;16;9;16
13000;4;0;8;9;11;9;17;9;16
13010;9;5;8;9;5;9;15;7;15
13020;8;7;8;10;4;9;16;5;15
13030;9;4;8;10;8;9;15;4;15
13040;9;3;8;10;9;9;16;3;15
13050;9;2;8;9;6;9;16;8;15
13060;9;2;8;9;9;8;17;4;16
13070;9;0;8;9;7;8;17;8;16
13080;9;0;8;9;6;8;17;9;16
13090;9;0;8;9;9;8;17;6;16
13100;9;0;8;9;9;8;16;7;16
13110;9;0;8;8;8;8;16;9;16
13120;9;4;8;9;6;8;16;6;16
13130;9;2;8;9;6;8;16;8;16
13140;8;3;7;10;4;9;16;9;16
13150;8;4;7;10;4;9;17;7;16
13160;8;1;7;10;9;9;17;5;16
13170;8;0;7;9;11;9;16;6;16
13180;8;0;7;10;9;9;17;6;16
13190;8;0;7;9;10;9;16;7;16
13200;8;0;7;9;8;9;17;8;16
13210;8;0;7;9;6;9;17;10;16
13220;8;0;7;9;7;9;16;10;16
13230;7;0;6;11;6;10;16;10;16
13240;7;0;5;12;6;11;17;8;16
13250;5;0;4;11;9;11;17;8;17
13260;5;0;4;11;7;11;17;10;17
13270;5;0;4;10;8;10;18;9;18
13280;5;0;4;10;9;9;20;6;19
13290;5;0;4;10;8;9;20;7;19
13300;5;0;4;10;8;9;20;7;19
13310;4;0;3;10;7;10;19;10;19
13320;4;0;3;10;7;10;20;9;19
13330;4;0;3;10;10;10;19;7;19
13340;4;0;3;11;11;10;20;4;19
13350;4;0;3;10;10;9;21;5;20
13360;4;0;3;9;10;9;21;6;20
13370;4;0;3;9;11;9;20;6;20
13380;4;0;3;9;8;9;20;9;20
13390;4;0;3;9;9;9;21;7;20
13400;4;0;3;10;9;9;20;7;20
13410;4;0;3;9;13;9;20;4;19
13420;4;0;3;9;17;9;20;0;19
13430;4;0;3;10;16;9;20;0;19
13440;4;0;3;10;11;9;20;5;19
13450;4;0;3;9;12;9;20;5;19
13460;4;0;3;10;9;9;20;7;19
13470;4;0;3;9;10;9;20;7;19
13480;4;0;3;10;13;9;20;3;19
13490;4;0;3;9;15;9;20;2;19
13500;4;0;8;10;15;9;20;1;19
13510;8;2;8;10;8;9;19;3;19
13520;9;3;8;10;6;9;20;2;19
13530;9;3;8;9;7;9;19;3;19
13540;8;4;8;9;6;9;19;4;19
13550;9;3;8;9;4;9;19;6;19
13560;9;3;8;9;5;9;20;4;19
13570;9;2;8;9;6;9;19;5;19
13580;9;3;8;10;2;9;19;7;19
13590;8;2;8;8;5;8;20;7;20
13600;9;1;8;8;4;8;20;8;20
13610;8;2;8;9;5;8;21;5;20
13620;9;3;8;8;3;7;21;6;21
13630;9;2;8;8;2;7;21;8;21
13640;9;3;8;7;3;7;22;6;21
13650;9;3;8;7;5;7;22;4;21
13660;9;2;8;8;5;7;22;4;21
13670;8;2;7;9;2;8;21;8;21
13680;8;3;7;8;6;8;21;4;21
13690;8;1;7;9;6;8;22;4;21
13700;8;0;7;9;7;8;21;5;20
13710;8;0;7;8;8;7;21;5;20
13720;8;0;7;6;6;6;22;8;21
13730;8;0;7;7;10;6;19;6;19
13740;8;0;7;7;9;6;19;7;18
13750;8;0;7;7;9;6;19;7;18
13760;8;0;7;7;13;6;18;4;17
13770;8;0;7;6;16;6;18;2;17
13780;7;0;6;7;12;7;18;6;17
13790;7;0;6;8;13;7;18;4;17
13800;7;0;6;8;11;7;17;7;17
13810;7;0;6;8;9;7;18;8;17
13820;5;0;4;9;11;9;18;7;17
13830;5;0;4;10;13;9;17;5;17
13840;5;0;4;9;9;9;18;9;17
13850;5;0;4;10;10;9;18;7;17
13860;5;0;4;10;15;9;18;2;17
13870;5;0;3;11;15;10;18;1;17
13880;4;0;3;10;18;10;18;0;17
13890;4;0;3;11;17;10;18;0;17
13900;4;0;3;11;13;10;18;4;17
13910;4;0;3;10;10;9;19;7;18
13920;4;0;3;10;7;9;19;10;18
13930;3;1;2;10;13;10;19;4;18
13940;3;0;2;10;12;10;18;7;18
13950;3;0;2;11;9;10;18;9;18
13960;3;0;2;10;10;10;19;8;18
13970;3;0;2;11;9;10;19;8;18
13980;3;0;2;10;10;10;19;8;18
13990;3;0;2;10;11;10;18;8;18
14000;3;0;7;11;6;10;19;11;18
14010;8;1;7;11;6;10;18;6;18
14020;8;3;7;10;7;10;19;3;18
14030;8;6;7;10;3;10;19;4;18
14040;8;4;7;11;3;10;18;6;18
14050;8;3;7;10;5;10;19;5;18
14060;7;3;7;10;7;10;18;5;18
14070;8;2;7;11;6;10;19;4;18
14080;8;0;7;10;7;10;18;7;18
14090;8;0;7;11;6;10;18;7;17
14100;8;0;7;10;7;10;16;9;15
14110;8;0;7;11;9;10;16;6;15
14120;8;0;7;10;8;10;16;8;15
14130;8;0;7;11;6;10;15;10;15
14140;8;0;7;11;9;10;16;6;15
14150;8;0;7;10;7;10;15;10;15
14160;8;0;7;10;6;9;17;9;16
14170;8;0;7;10;7;9;16;9;16
14180;7;1;6;10;8;9;18;6;17
14190;7;0;6;10;6;9;18;9;17
14200;7;0;6;10;3;9;17;13;17
14210;7;0;6;8;7;7;20;8;19
14220;7;0;6;8;3;7;19;13;19
14230;7;0;6;8;1;7;20;14;19
14240;7;0;6;8;2;7;20;13;19
14250;7;0;6;8;5;7;20;10;19
14260;7;0;6;7;2;6;21;13;20
14270;7;0;6;6;1;6;21;15;20
14280;7;0;6;7;5;6;21;10;20
14290;7;0;6;7;8;6;21;7;20
14300;7;0;6;6;10;6;21;6;20
14310;7;0;6;7;12;6;21;3;20
14320;7;0;6;6;11;6;20;6;20
14330;7;0;6;7;10;6;21;5;20
14340;7;0;6;5;9;5;21;8;21
14350;7;0;5;7;5;6;22;9;21
14360;6;0;5;7;8;6;22;7;21
14370;6;0;5;7;7;6;22;8;21
14380;6;0;5;7;5;6;21;11;21
14390;6;0;5;5;9;5;23;7;22
14400;6;0;5;5;7;5;23;9;22
14410;6;0;5;6;8;5;22;8;22
14420;5;0;4;6;9;6;22;8;22
14430;5;0;4;6;9;6;23;7;22
14440;5;0;4;7;10;6;22;6;22
14450;5;0;4;6;10;6;22;7;22
14460;5;0;4;6;10;6;22;7;22
14470;5;0;4;7;5;6;22;11;22
14480;5;0;4;7;8;6;22;8;21
14490;5;0;4;6;10;5;23;6;22
14500;5;0;9;6;3;5;23;13;22
14510;9;4;9;5;4;4;24;4;23
14520;9;4;9;5;4;4;23;5;23
14530;9;6;9;5;6;4;23;1;22
14540;10;2;9;4;11;4;23;0;22
14550;10;1;9;5;11;4;23;0;22
14560;10;1;9;4;12;4;23;0;22
14570;10;0;9;4;13;4;23;0;22
14580;10;0;9;4;13;4;23;0;22
14590;10;0;9;5;12;4;23;0;22
14600;10;0;9;5;12;4;23;0;21
14610;10;0;9;5;12;4;23;0;21
14620;10;0;9;4;14;4;22;0;21
14630;10;0;9;5;12;4;22;1;21
14640;10;0;9;4;10;4;22;4;21
14650;10;0;8;4;12;5;21;3;20
14660;9;0;8;6;10;5;21;4;20
14670;9;0;8;6;8;5;21;6;20
14680;8;0;7;7;9;6;21;5;20
14690;8;0;7;7;11;6;20;4;20
14700;8;0;7;7;9;6;20;6;20
14710;8;0;7;7;11;6;19;5;19
14720;8;0;7;7;11;6;20;4;19
14730;8;0;7;7;13;6;20;2;19
14740;8;0;7;7;14;6;20;1;19
14750;8;0;7;7;11;6;20;4;19
14760;7;1;6;7;13;7;20;2;19
14770;7;0;6;8;15;7;20;0;19
14780;7;0;6;8;15;7;19;1;19
14790;7;0;6;7;12;7;19;5;19
14800;7;0;6;8;10;7;20;5;19
14810;7;0;6;8;9;7;19;7;19
14820;7;0;6;7;7;7;19;10;19
14830;7;0;6;8;7;7;19;9;19
14840;7;0;6;7;10;7;18;8;18
14850;6;1;5;9;7;8;19;8;18
14860;5;0;4;10;8;9;19;8;18
14870;5;0;4;9;11;9;18;7;17
14880;5;0;4;10;9;9;17;9;17
14890;5;0;4;9;6;9;16;14;16
14900;5;0;4;10;10;9;15;10;15
14910;4;0;3;11;8;10;16;11;15
14920;4;0;3;10;14;10;15;7;15
14930;4;0;3;11;13;10;13;9;12
14940;4;0;3;10;17;10;13;6;12
14950;4;0;3;10;17;10;13;6;12
14960;4;0;3;10;17;10;12;7;12
14970;4;0;3;11;13;10;13;9;12
14980;3;0;2;12;16;11;13;6;12
14990;3;0;2;12;16;11;13;6;12
15000;3;0;7;11;19;11;13;4;12
15010;8;6;7;12;7;11;13;4;12
15020;8;6;7;11;7;11;13;5;12
15030;7;4;7;11;6;11;13;9;12
15040;8;2;7;12;10;11;13;5;12
15050;8;0;7;12;9;11;12;9;12
15060;8;0;7;12;8;11;13;9;12
15070;8;0;7;11;12;11;12;7;12
15080;8;0;7;12;8;11;13;9;12
15090;8;0;7;12;10;11;13;7;12
15100;8;0;7;11;10;11;13;8;12
15110;8;0;7;11;10;11;13;8;12
15120;8;0;7;12;10;11;12;8;12
15130;8;0;7;12;13;11;13;4;12
15140;8;0;7;11;9;11;12;10;12
15150;8;0;7;12;12;11;13;5;12
15160;8;0;7;12;8;11;12;10;12
15170;8;0;7;12;7;11;12;11;12
15180;8;0;7;12;11;11;13;6;12
15190;8;0;7;12;8;11;12;10;12
15200;8;0;7;11;7;10;13;11;13
15210;8;0;7;10;10;9;15;7;14
15220;8;0;7;10;6;9;15;11;14
15230;7;1;6;9;8;9;16;9;15
15240;7;0;6;9;8;8;16;10;16
15250;6;1;5;10;8;9;16;9;16
15260;6;0;5;9;9;9;17;9;16
15270;6;0;5;10;8;9;17;9;16
15280;6;0;5;9;8;9;17;10;16
15290;6;0;5;10;9;9;17;8;16
15300;6;0;5;10;6;9;16;12;16
15310;6;0;5;9;13;9;17;5;16
15320;6;0;5;10;9;9;16;9;16
15330;6;0;5;10;8;9;16;10;16
15340;6;0;5;9;10;9;17;8;16
15350;6;0;5;10;10;9;17;7;16
15360;6;0;5;9;14;9;17;4;16
15370;6;0;5;10;15;9;17;2;16
15380;6;0;5;8;12;8;17;7;17
15390;6;0;5;9;8;8;18;9;17
15400;6;0;5;9;10;8;18;7;17
15410;6;0;5;9;9;8;17;9;17
15420;5;0;4;9;7;9;18;11;17
15430;5;0;4;9;7;9;17;12;17
15440;5;0;4;9;9;9;18;9;17
15450;5;0;4;10;6;9;17;12;17
15460;5;0;4;8;11;8;19;7;18
15470;5;0;4;9;9;8;19;8;18
15480;5;0;4;8;11;8;19;7;18
15490;5;0;4;8;10;8;19;8;18
15500;5;0;9;9;12;8;18;6;18
15510;10;4;9;8;5;8;18;5;18
15520;10;4;9;9;5;8;19;3;18
15530;10;5;9;7;4;7;20;4;19
15540;10;3;9;7;5;7;20;5;19
15550;10;3;9;8;4;7;19;6;19
15560;10;2;9;7;5;7;19;7;19
15570;10;3;9;8;5;7;20;4;19
15580;10;3;9;8;3;7;20;6;19
15590;9;5;9;8;4;7;19;5;19
15600;10;1;9;6;9;6;19;5;19
15610;10;1;9;6;8;6;19;6;19
15620;10;0;9;6;6;5;21;7;20
15630;10;0;9;5;4;5;20;11;20
15640;10;0;9;6;6;5;21;7;20
15650;10;0;9;6;7;5;21;6;20
15660;10;0;9;6;7;5;20;7;20
15670;10;0;9;5;6;5;21;8;20
15680;10;0;9;6;9;5;21;4;20
15690;10;0;9;6;5;5;21;8;20
15700;10;0;9;5;9;5;21;5;20
15710;10;0;9;6;8;5;20;6;19
15720;10;0;9;6;12;5;19;3;18
15730;10;0;9;6;13;5;19;2;18
15740;9;1;8;7;12;6;18;3;17
15750;9;0;8;7;16;6;18;0;17
15760;9;0;8;7;16;6;18;0;17
15770;9;0;8;7;16;6;18;0;17
15780;9;0;8;6;12;6;18;5;17
15790;9;0;8;6;14;6;18;3;17
15800;9;0;8;7;12;6;18;4;17
15810;8;1;7;8;14;7;17;2;16
15820;7;1;6;9;16;8;17;0;16
15830;7;0;6;8;14;8;16;5;16
15840;7;0;6;7;10;7;18;8;17
15850;7;0;6;7;10;6;18;8;18
15860;7;0;6;7;8;6;19;9;18
15870;7;0;6;7;8;6;18;10;18
15880;6;1;5;8;5;7;19;11;18
15890;6;0;5;7;10;7;18;9;18
15900;6;0;5;7;13;7;18;6;17
15910;6;0;5;7;10;7;17;10;17
15920;6;0;5;7;10;7;18;9;17
15930;6;0;5;7;10;7;18;9;17
15940;6;0;5;7;12;7;18;7;17
15950;6;0;5;8;8;7;18;10;17
15960;6;0;5;8;9;7;18;9;17
15970;6;0;5;8;8;7;18;10;17
15980;6;0;5;8;7;7;18;11;17
15990;6;0;5;8;8;7;18;10;17
16000;5;1;9;8;9;8;18;9;17
16010;10;4;9;9;5;8;17;5;16
16020;10;5;9;8;5;8;17;5;16
16030;10;6;9;8;6;7;17;3;17
16040;9;3;9;7;9;7;17;5;17
16050;10;3;9;8;7;7;18;4;17
16060;10;0;9;7;10;7;17;6;17
16070;10;0;9;8;7;7;18;7;17
16080;10;0;9;8;9;7;18;5;17
16090;10;0;9;8;9;7;17;6;17
16100;10;0;9;8;8;7;18;6;17
16110;10;0;9;8;6;7;18;8;17
16120;9;1;8;7;8;7;18;7;17
16130;9;0;8;7;7;7;18;9;17
16140;9;0;8;8;8;7;18;7;17
16150;8;0;7;9;9;8;17;7;17
16160;8;0;7;9;8;8;17;8;17
16170;8;0;7;8;8;8;17;9;17
16180;8;0;7;8;6;8;17;11;17
16190;8;0;7;9;8;8;17;8;17
16200;8;0;7;9;8;8;18;7;17
16210;8;0;7;9;5;8;18;10;17
16220;8;0;7;8;8;8;17;9;17
16230;8;0;7;9;10;8;17;6;17
16240;8;0;7;8;11;8;17;6;17
16250;8;0;6;10;6;9;18;8;17
16260;7;0;6;8;10;8;18;7;18
16270;7;0;6;9;11;8;19;4;18
16280;7;0;6;8;10;8;18;7;18
16290;7;0;6;9;9;8;19;6;18
16300;7;0;6;8;14;8;18;3;17
16310;7;0;6;9;13;8;18;3;17
16320;6;0;5;9;12;8;19;4;18
16330;5;1;4;10;9;9;19;6;18
16340;4;1;3;11;8;10;19;7;18
16350;4;0;3;11;9;10;19;7;18
16360;4;0;3;11;9;10;19;7;18
16370;4;0;3;11;8;10;18;9;18
16380;4;0;3;10;11;10;18;7;18
16390;4;0;3;10;8;10;19;9;18
16400;4;0;3;10;10;10;18;8;18
16410;4;0;2;12;6;11;19;9;18
16420;3;0;2;12;7;11;19;9;18
16430;3;0;2;12;9;11;19;7;18
16440;3;0;2;12;10;11;19;6;18
16450;3;0;2;12;12;11;18;5;17
16460;3;0;2;11;11;10;19;6;18
16470;3;0;2;10;17;10;19;1;18
16480;3;0;2;11;12;10;19;5;18
16490;3;0;2;11;11;10;19;6;18
16500;3;0;7;11;14;10;18;4;17
16510;8;6;7;11;7;10;18;0;17
16520;7;7;7;11;7;10;18;0;17
16530;8;4;7;11;8;10;17;2;17
16540;8;2;6;12;6;11;18;4;17
16550;7;0;6;12;6;11;18;7;17
16560;7;0;6;12;9;11;18;4;17
16570;7;0;6;11;8;10;18;6;18
16580;7;0;6;11;8;10;19;5;18
16590;7;0;6;10;7;10;18;8;18
16600;7;0;6;10;9;10;18;6;18
16610;7;0;6;11;5;10;18;9;18
16620;7;0;6;11;5;10;19;8;18
16630;7;0;6;11;10;10;18;4;18
16640;7;0;6;11;6;10;19;7;18
16650;7;0;6;11;7;10;19;6;18
16660;7;0;6;10;10;10;18;5;17
16670;7;0;6;9;8;9;19;7;18
16680;7;0;6;8;7;8;20;8;19
16690;7;0;6;9;7;8;18;9;18
16700;7;0;6;9;6;8;19;9;18
16710;7;0;6;8;8;8;18;9;18
16720;7;0;6;8;9;8;18;8;18
16730;6;1;5;10;4;9;18;11;18
16740;6;0;5;10;5;9;18;11;18
16750;6;0;5;9;9;9;18;8;17
16760;6;0;5;10;10;9;17;7;17
16770;6;0;5;9;9;9;18;8;17
16780;6;0;5;9;14;8;18;3;18
16790;6;0;5;8;10;7;20;6;19
16800;6;0;5;8;11;7;20;5;19
16810;5;2;5;7;12;7;19;5;19
16820;6;2;5;8;11;7;20;3;19
16830;6;5;5;7;9;7;20;3;19
16840;6;3;5;8;11;7;20;2;19
16850;6;0;5;8;11;7;20;5;19
16860;6;0;5;6;10;6;20;8;19
16870;6;0;5;7;12;6;19;6;18
16880;6;0;5;7;9;6;19;9;18
16890;6;0;5;7;12;6;19;6;18
16900;6;0;5;6;11;5;20;7;19
16910;6;0;5;6;13;5;20;5;19
16920;6;0;5;6;8;5;20;10;19
16930;6;0;5;5;10;5;20;9;19
16940;5;0;4;7;10;6;20;8;19
16950;5;0;4;6;6;6;19;14;19
16960;5;0;4;6;10;6;20;9;19
16970;5;0;4;7;10;6;19;9;19
16980;5;0;4;7;11;6;20;7;19
16990;5;0;4;7;13;6;19;6;18
17000;5;0;9;6;16;6;19;4;18
17010;10;3;9;7;9;6;18;3;18
17020;10;4;9;7;6;6;18;5;18
17030;9;5;9;6;4;6;19;7;18
17040;10;3;9;7;8;6;19;3;18
17050;9;6;9;6;6;6;19;4;18
17060;8;3;8;8;6;7;18;7;18
17070;9;2;8;8;6;7;19;6;18
17080;9;1;8;7;6;7;18;9;18
17090;9;3;8;8;4;7;18;8;18
17100;8;2;7;8;9;8;19;4;18
17110;8;1;7;9;8;8;18;6;18
17120;8;2;7;9;6;8;19;6;18
17130;8;2;7;9;6;8;18;7;18
17140;8;1;7;8;5;8;19;9;18
17150;8;0;7;9;9;8;18;6;18
17160;8;0;7;7;10;7;19;6;19
17170;8;0;7;7;11;7;20;4;19
17180;8;0;7;8;7;7;20;7;19
17190;8;0;7;8;9;7;19;6;19
17200;8;0;7;8;9;7;19;6;19
17210;8;0;7;8;9;7;20;5;19
17220;8;0;7;8;6;7;20;8;19
17230;8;0;7;8;9;7;19;6;19
17240;8;0;7;7;11;7;20;4;19
17250;8;0;7;7;9;7;20;6;19
17260;8;0;7;8;7;7;20;7;19
17270;8;0;7;8;8;7;19;7;19
17280;8;0;7;8;9;7;19;6;19
17290;8;0;6;7;11;8;20;4;19
17300;7;0;6;9;9;8;19;6;19
17310;6;3;6;9;6;8;19;7;19
17320;7;3;6;8;8;8;20;4;19
17330;7;3;6;9;4;8;20;7;19
17340;7;1;6;8;7;8;20;7;19
17350;7;0;6;9;8;8;20;6;19
17360;7;0;6;9;7;8;20;7;19
17370;7;0;6;7;8;7;21;7;20
17380;7;0;6;8;8;7;20;7;20
17390;6;1;5;9;4;8;21;9;20
17400;6;0;5;8;9;8;20;7;20
17410;6;0;5;8;10;8;20;6;20
17420;6;0;5;9;8;8;20;7;20
17430;6;0;5;8;5;8;20;11;19
17440;6;0;5;9;10;8;20;5;19
17450;6;0;5;9;9;8;19;7;19
17460;5;1;4;9;12;9;19;4;19
17470;5;0;4;10;10;9;19;6;19
17480;5;0;4;10;9;9;20;6;19
17490;5;0;4;10;10;9;19;6;19
17500;5;0;9;9;8;9;20;8;19
17510;9;5;9;9;3;9;19;5;19
17520;10;4;9;9;4;9;20;3;19
17530;10;2;9;9;6;9;19;4;19
17540;10;2;9;10;6;9;19;3;18
17550;10;3;9;10;3;9;19;5;18
17560;9;3;9;9;6;9;18;5;17
17570;10;3;9;9;4;9;18;6;17
17580;10;2;9;10;4;9;18;6;17
17590;10;0;9;10;7;9;18;5;17
17600;10;0;9;9;9;9;17;5;17
17610;9;0;8;11;9;10;18;3;17
17620;9;0;8;11;6;10;17;7;17
17630;9;0;8;11;7;10;17;6;16
17640;9;0;8;10;8;10;15;8;15
17650;9;0;8;10;10;10;15;6;15
17660;9;0;8;10;9;10;15;7;15
17670;9;0;8;11;9;10;15;6;15
17680;9;0;8;11;8;10;16;6;15
17690;8;0;7;11;9;11;15;7;15
17700;8;0;7;11;9;11;15;7;15
17710;8;0;7;11;11;11;16;4;15
17720;8;0;7;12;11;11;16;3;15
17730;7;1;6;13;13;12;15;1;14
17740;7;0;6;13;12;12;15;3;14
17750;7;0;6;12;12;12;15;4;14
17760;7;0;6;12;12;12;14;5;14
17770;6;0;5;14;11;13;15;4;14
17780;6;0;5;13;11;13;15;5;14
17790;6;0;5;14;10;13;14;6;14
17800;6;0;5;13;10;13;14;7;14
17810;6;0;5;14;9;13;15;6;14
17820;5;1;4;15;8;14;15;6;14
17830;5;0;4;14;12;14;14;5;13
17840;5;0;4;14;13;14;13;5;13
17850;5;0;4;14;15;14;14;2;13
17860;5;0;4;13;12;12;15;5;15
17870;4;0;3;14;9;13;15;8;14
17880;4;0;3;13;8;13;15;10;14
17890;4;0;3;13;9;13;14;10;14
17900;4;0;3;14;7;13;14;11;14
17910;4;0;3;14;11;13;14;7;14
17920;4;0;3;13;11;13;14;8;14
17930;4;0;3;14;10;13;14;8;14
17940;4;0;3;14;11;13;15;6;14
17950;4;0;3;12;11;12;15;8;15
17960;4;0;3;12;15;12;16;3;15
17970;4;0;3;13;15;12;15;3;15
17980;4;0;3;12;11;11;17;6;16
17990;4;0;3;12;9;11;16;9;16
18000;4;0;7;11;10;12;17;8;16
18010;7;4;7;11;6;11;16;6;17
18020;7;4;7;11;4;11;17;7;17
18030;8;5;7;11;5;11;18;3;17
18040;8;1;7;11;6;11;18;6;17
18050;8;1;7;12;6;11;17;6;17
18060;8;3;7;10;6;10;18;5;18
18070;8;1;7;11;5;10;17;8;17
18080;7;1;6;12;8;11;18;4;17
18090;7;0;6;11;8;11;18;6;17
18100;6;0;5;12;8;12;17;7;17
18110;6;0;5;12;10;12;18;4;17
18120;6;0;5;12;10;12;17;5;17
18130;6;0;5;12;10;12;17;5;16
18140;6;0;5;13;9;12;17;5;16
18150;6;0;5;13;9;12;17;5;16
18160;6;0;5;12;9;12;17;6;16
18170;6;0;5;13;8;12;16;7;16
18180;6;0;5;13;9;12;16;6;16
18190;6;0;5;13;7;12;16;8;16
18200;6;0;5;12;9;12;16;7;16
18210;6;0;5;12;8;12;16;8;16
18220;6;0;5;13;6;12;17;8;16
18230;5;1;4;13;6;13;17;8;16
18240;5;0;4;13;7;13;17;8;16
18250;5;0;4;12;5;12;18;10;17
18260;5;0;4;12;5;12;17;11;17
18270;5;0;4;12;9;12;18;6;17
18280;5;0;4;12;10;12;17;6;17
18290;5;0;4;13;9;12;18;5;17
18300;5;0;4;12;6;12;18;9;17
18310;5;0;4;11;9;11;19;6;18
18320;5;0;4;11;7;11;18;9;17
18330;5;0;4;11;7;10;19;8;18
18340;5;0;4;11;8;10;18;8;18
18350;5;0;4;11;8;10;18;8;18
18360;5;0;4;11;8;10;19;7;18
18370;5;0;4;10;15;10;18;2;17
18380;5;0;4;9;12;9;19;5;18
18390;4;0;3;11;12;10;19;4;18
18400;3;1;2;12;10;11;19;5;18
18410;2;0;1;12;14;12;19;3;18
18420;2;0;1;10;10;10;21;7;20
18430;2;0;1;11;7;10;20;10;20
18440;2;0;1;10;8;9;22;8;21
18450;2;0;1;9;8;9;21;10;21
18460;2;0;1;10;7;9;22;9;21
18470;2;0;1;10;9;9;22;7;21
18480;2;0;1;10;10;9;22;6;21
18490;2;0;1;10;8;9;21;9;21
18500;2;0;6;10;12;9;21;5;20
18510;6;4;6;9;6;9;21;4;20
18520;7;4;6;10;5;9;20;4;20
18530;6;5;6;9;5;9;21;4;20
18540;7;4;6;9;5;9;21;4;20
18550;7;5;6;10;2;9;20;6;20
18560;6;5;6;10;7;9;21;1;20
18570;6;2;6;10;6;9;20;6;20
18580;7;2;6;9;6;8;21;5;21
18590;7;1;6;9;5;8;22;6;21
18600;7;2;6;9;5;8;22;5;21
18610;7;2;6;9;7;8;22;3;21
18620;7;1;6;9;4;8;21;8;21
18630;6;0;5;10;7;9;21;6;21
18640;6;0;5;9;9;9;22;4;21
18650;6;0;5;9;11;9;21;3;21
18660;6;0;5;9;11;9;22;2;21
18670;6;0;5;9;7;8;23;5;22
18680;6;0;5;8;10;8;23;3;22
18690;6;0;5;8;8;8;22;6;22
18700;6;0;5;9;7;8;22;6;22
18710;6;0;5;9;10;8;22;3;22
18720;6;0;5;8;9;8;22;5;21
18730;6;0;5;9;10;8;21;4;20
18740;6;0;5;8;9;8;19;8;19
18750;6;0;5;8;11;8;19;6;18
18760;6;0;5;8;8;8;19;9;18
18770;6;0;5;8;9;8;19;8;18
18780;6;0;5;8;8;7;20;8;19
18790;6;0;5;8;9;7;20;7;19
18800;6;0;5;8;9;7;20;7;19
18810;6;0;5;8;8;7;20;8;19
18820;6;0;5;7;11;7;20;6;19
18830;6;0;5;8;11;7;19;6;18
18840;6;0;5;8;10;7;19;7;18
18850;6;0;5;7;10;7;18;9;17
18860;6;0;5;7;9;7;18;10;17
18870;6;0;5;8;11;7;17;8;17
18880;6;0;5;7;8;7;18;11;17
18890;6;0;5;8;12;7;18;6;17
18900;6;0;5;8;11;7;17;8;17
18910;6;0;5;6;12;6;19;7;18
18920;6;0;5;6;9;5;19;10;19
18930;6;0;5;5;9;5;19;11;19
18940;6;0;5;5;7;5;19;13;19
18950;5;1;4;7;9;6;19;9;18
18960;4;1;3;8;8;7;19;10;18
18970;4;0;3;7;13;7;18;8;18
18980;4;0;3;8;13;7;18;7;18
18990;4;0;3;8;12;7;19;7;18
19000;4;0;8;6;10;6;19;11;19
19010;8;6;8;7;8;6;17;4;17
19020;9;6;8;6;8;6;18;3;17
19030;8;6;8;7;9;6;18;2;17
19040;9;3;8;7;8;6;18;5;17
19050;9;3;8;7;6;6;18;7;17
19060;9;4;8;6;6;6;18;7;17
19070;9;3;8;7;9;6;17;5;16
19080;9;3;8;7;8;6;17;6;16
19090;9;4;8;6;8;6;16;7;16
19100;9;3;8;7;4;6;17;10;16
19110;9;1;8;7;9;6;17;7;16
19120;9;0;8;6;9;6;16;10;16
19130;9;0;8;7;10;6;16;8;16
19140;9;0;8;6;11;6;17;7;16
19150;9;0;8;6;10;6;17;8;16
19160;9;0;8;6;9;6;17;9;16
19170;9;0;8;6;9;6;17;9;16
19180;9;0;8;6;10;6;17;8;16
19190;9;0;8;7;13;6;17;4;16
19200;9;0;8;7;10;6;17;7;16
19210;8;1;7;7;8;7;17;9;16
19220;8;0;7;8;10;7;17;7;16
19230;8;0;7;8;11;7;16;7;16
19240;8;0;7;8;6;7;16;12;16
19250;8;0;7;7;12;7;17;6;16
19260;8;0;7;8;12;7;17;5;16
19270;8;0;7;8;12;7;16;6;16
19280;8;0;7;7;15;7;17;3;16
19290;7;1;6;8;13;8;17;4;16
19300;7;0;6;9;13;8;17;4;16
19310;7;0;6;8;15;8;16;4;15
19320;7;0;6;9;13;8;16;5;15
19330;7;0;6;8;15;8;15;5;15
19340;6;1;5;9;13;9;16;5;15
19350;5;1;4;10;17;10;16;1;15
19360;5;0;4;10;15;10;15;5;15
19370;5;0;4;10;12;10;16;7;15
19380;4;1;3;11;11;11;15;8;14
19390;4;0;3;10;9;10;15;12;15
19400;4;0;3;10;11;10;16;9;15
19410;4;0;3;11;12;10;16;7;15
19420;4;0;3;11;8;10;15;12;15
19430;4;0;3;11;10;10;15;10;15
19440;4;0;3;10;13;10;16;7;15
19450;4;0;3;9;12;9;17;8;16
19460;4;0;3;10;13;9;16;7;16
19470;4;0;3;9;11;9;17;9;16
19480;4;0;3;10;8;9;15;13;15
19490;4;0;3;10;9;9;15;12;14
19500;4;0;8;10;12;9;15;9;14
19510;9;7;8;9;6;9;15;4;14
19520;7;6;7;10;7;10;15;5;14
19530;8;4;7;10;8;10;14;6;14
19540;7;6;7;10;10;10;15;2;14
19550;7;9;7;10;5;10;15;4;14
19560;8;7;7;10;6;10;15;4;14
19570;7;7;7;11;8;10;15;2;14
19580;8;7;7;10;8;10;14;3;14
19590;7;6;7;10;7;10;14;6;14
19600;8;2;7;10;8;10;15;7;14
19610;8;0;7;11;10;10;15;6;14
19620;8;0;7;11;10;10;15;6;14
19630;8;0;7;11;8;10;15;8;14
19640;8;0;7;11;10;10;14;7;14
19650;8;0;7;11;11;10;14;6;14
19660;8;0;7;10;10;10;15;7;14
19670;8;0;7;10;8;10;14;10;14
19680;8;0;7;11;7;10;14;10;14
19690;7;0;6;11;9;11;15;8;14
19700;7;0;6;11;9;11;14;9;14
19710;7;0;6;10;10;9;16;7;16
19720;7;0;6;9;7;9;16;11;16
19730;7;0;6;10;5;9;17;11;16
19740;7;0;6;10;4;9;16;13;16
19750;7;0;6;10;5;9;17;11;16
19760;7;0;6;10;5;9;17;11;16
19770;7;0;6;10;9;9;16;8;16
19780;7;0;6;10;10;9;17;6;16
19790;7;0;6;10;7;9;17;9;16
19800;7;0;6;10;8;9;17;8;16
19810;7;0;6;10;11;9;17;5;16
19820;7;0;6;8;11;8;18;6;17
19830;6;0;5;9;10;8;19;6;18
19840;6;0;5;9;10;8;19;6;18
19850;6;0;5;9;9;8;19;7;18
19860;6;3;5;9;6;8;19;7;18
19870;5;6;5;6;5;6;20;8;19
19880;6;4;5;7;8;6;20;5;19
19890;5;3;4;7;9;7;19;7;19
19900;5;1;4;8;7;7;20;9;19
19910;5;0;4;7;7;7;19;12;19
19920;5;0;4;7;12;7;20;6;19
19930;5;0;4;8;12;7;20;5;19
19940;5;0;4;7;11;7;20;7;19
19950;5;0;4;7;12;7;19;7;19
19960;5;0;4;8;9;7;19;9;19
19970;5;0;4;8;7;7;20;10;19
19980;5;0;4;7;9;7;20;9;19
19990;5;0;4;8;8;7;19;10;19
20000;5;0;9;7;10;7;19;9;19
20010;10;0;9;8;5;7;20;7;19
20020;10;3;9;8;6;7;20;3;19
20030;8;5;8;9;4;8;20;4;19
20040;9;3;8;8;5;8;20;5;19
20050;8;5;8;8;5;8;20;4;19
20060;9;4;8;8;3;8;20;6;19
20070;9;3;8;8;5;8;20;5;19
20080;8;3;8;8;8;8;19;4;19
20090;8;2;8;8;4;7;21;7;20
20100;9;3;8;8;2;7;21;7;20
20110;8;3;8;8;4;7;20;7;20
20120;8;5;8;7;7;7;21;2;20
20130;9;3;8;8;7;7;21;2;20
20140;8;4;8;8;6;7;21;3;20
20150;8;1;7;9;9;8;21;2;20
20160;8;0;7;8;8;8;20;6;20
20170;8;0;7;9;4;8;21;8;20
20180;8;0;7;9;8;8;20;5;19
20190;8;0;7;9;12;8;19;2;18
20200;8;0;7;8;15;8;19;0;18
20210;8;0;7;7;15;7;20;0;19
20220;8;0;7;7;15;7;20;0;19
20230;8;0;7;8;10;7;20;4;19
20240;8;0;7;7;10;7;19;6;19
20250;8;0;7;8;9;7;20;5;19
20260;8;0;7;8;11;7;19;4;18
20270;8;0;7;7;13;7;19;3;18
20280;8;0;7;8;11;7;19;4;18
20290;8;0;7;8;10;7;19;5;18
20300;8;0;7;8;8;7;18;8;18
20310;8;0;7;7;3;6;20;12;19
20320;8;0;7;7;5;6;20;10;19
20330;8;0;7;6;7;6;20;9;19
20340;8;0;7;7;9;6;19;7;19
20350;8;0;7;6;9;6;20;7;19
20360;8;0;7;7;6;6;20;9;19
20370;7;1;6;6;6;6;20;10;20
20380;7;0;6;6;5;6;20;12;20
20390;7;0;6;7;5;6;21;10;20
20400;7;0;6;6;10;6;21;6;20
20410;7;0;6;7;8;6;21;7;20
20420;7;0;6;7;7;6;21;8;20
20430;6;1;5;7;9;7;20;7;20
20440;6;0;5;7;8;7;20;9;19
20450;6;0;5;7;10;7;20;7;19
20460;6;0;5;8;11;7;19;6;19
20470;6;0;5;7;10;7;20;7;19
20480;6;0;5;8;11;7;20;5;19
20490;6;0;5;8;11;7;20;5;19
20500;6;0;10;8;12;7;20;4;19
20510;10;4;9;9;7;8;20;0;19
20520;9;6;8;10;5;9;20;0;19
20530;8;6;8;10;6;9;20;0;18
20540;9;2;8;9;11;9;19;0;17
20550;9;2;8;9;11;9;18;1;17
20560;9;0;8;9;14;9;18;0;17
20570;9;0;8;9;12;9;18;2;17
20580;9;0;8;10;9;9;18;4;17
20590;9;0;8;10;9;9;18;4;17
20600;9;0;8;9;7;9;18;7;17
20610;9;0;8;10;6;9;18;7;17
20620;9;0;8;9;6;9;17;9;17
20630;9;0;8;10;10;9;18;3;17
20640;9;0;8;9;6;9;18;8;17
20650;9;0;8;10;7;9;18;6;17
20660;9;0;8;10;7;9;18;6;17
20670;9;0;8;10;6;9;17;8;16
20680;8;0;7;10;7;10;17;8;16
20690;8;0;7;11;7;10;16;8;16
20700;8;0;7;11;7;10;17;7;16
20710;8;0;7;11;8;10;17;6;16
20720;8;0;7;10;11;10;16;5;16
20730;8;0;7;10;8;10;15;9;15
20740;7;3;7;11;8;10;16;5;15
20750;8;2;7;10;8;9;16;6;16
20760;8;2;7;9;7;9;17;7;16
20770;7;1;6;10;7;9;18;7;17
20780;7;0;6;10;7;9;18;8;17
20790;7;0;6;9;10;9;17;7;17
20800;7;0;6;9;8;9;18;8;17
20810;7;0;6;10;8;9;18;7;17
20820;7;0;6;9;8;9;17;9;17
20830;7;0;6;9;6;8;18;10;18
20840;7;0;6;8;8;8;19;8;18
20850;7;0;6;8;11;8;17;7;17
20860;7;0;6;8;10;8;17;8;16
20870;7;0;6;9;13;8;17;4;16
20880;7;0;6;8;13;8;17;5;16
20890;7;0;6;9;14;8;17;3;16
20900;7;0;6;9;16;8;16;2;15
20910;7;0;6;9;18;8;16;0;15
20920;7;0;6;9;16;8;15;3;14
20930;7;0;6;9;18;8;15;1;14
20940;7;0;6;8;20;8;15;0;14
20950;7;0;6;9;19;8;15;0;14
20960;7;0;6;9;19;8;15;0;14
20970;7;0;6;9;19;8;15;0;14
20980;6;1;5;9;19;9;15;0;14
20990;6;0;5;9;18;9;15;2;14
21000;6;0;10;9;19;9;15;1;14
21010;10;8;10;10;7;9;15;0;14
21020;11;4;10;10;9;9;15;1;14
21030;11;0;10;10;9;9;15;5;14
21040;11;0;10;9;10;9;15;5;14
21050;11;0;10;10;8;9;15;6;14
21060;11;0;10;10;9;9;14;6;14
21070;11;0;10;9;7;9;15;8;14
21080;11;0;10;10;7;9;15;7;13
21090;11;0;10;9;14;8;14;2;13
21100;11;0;10;8;6;7;14;11;14
21110;11;0;10;8;5;7;15;11;14
21120;11;0;10;8;2;7;15;14;14
21130;11;0;10;8;1;7;14;16;14
21140;10;0;9;9;6;8;15;10;14
21150;10;0;9;9;7;8;15;9;14
21160;10;0;9;9;8;8;15;8;14
21170;10;0;9;8;9;8;15;8;14
21180;10;0;9;9;10;8;15;6;14
21190;10;0;9;9;10;8;15;6;14
21200;10;0;9;9;7;8;14;10;14
21210;10;0;9;8;7;8;15;10;14
21220;10;0;9;9;11;8;15;5;14
21230;10;0;9;7;7;6;17;9;16
21240;10;0;9;7;1;6;17;15;16
21250;9;0;8;8;3;7;17;13;16
21260;9;0;8;8;5;7;16;12;16
21270;9;0;8;7;4;6;17;13;17
21280;9;0;7;8;4;7;18;11;17
21290;8;0;7;7;5;7;17;13;17
21300;7;0;6;9;8;8;18;8;17
21310;7;0;6;9;5;8;18;11;17
21320;6;1;5;10;4;9;17;12;17
21330;6;3;5;10;9;9;18;4;17
21340;6;4;5;10;3;9;18;9;17
21350;6;2;5;10;9;9;17;6;17
21360;5;4;5;9;6;9;18;8;17
21370;6;3;5;10;7;9;18;6;17
21380;5;4;5;9;5;9;17;10;17
21390;3;5;3;11;4;11;18;9;17
21400;4;2;3;12;6;11;18;8;17
21410;4;4;3;11;8;11;17;6;17
21420;4;3;3;10;11;10;18;4;17
21430;4;0;3;11;14;10;18;3;17
21440;4;0;3;10;10;9;18;8;18
21450;4;0;3;9;10;9;19;8;18
21460;4;0;3;10;10;9;19;7;18
21470;4;0;3;9;10;9;19;8;18
21480;3;0;2;11;11;10;19;6;18
21490;3;0;2;11;10;10;19;7;18
21500;3;0;7;10;11;10;18;8;18
21510;7;2;7;11;7;10;19;4;18
21520;7;8;7;10;3;10;19;3;18
21530;7;7;7;11;5;10;19;1;18
21540;8;8;7;11;4;10;19;0;18
21550;7;5;7;11;8;10;19;0;18
21560;8;3;7;9;7;9;20;3;19
21570;7;6;7;10;5;9;20;2;19
21580;8;2;7;9;9;9;19;3;19
21590;7;6;7;10;4;9;20;3;19
21600;8;3;7;9;7;9;19;4;19
21610;8;0;7;9;9;9;19;5;19
21620;8;0;7;9;8;8;21;4;20
21630;8;0;7;8;8;8;21;5;20
21640;7;1;6;10;6;9;20;6;20
21650;7;0;6;9;8;9;20;6;20
21660;7;0;6;10;8;9;21;4;20
21670;7;0;6;9;7;9;21;6;20
21680;7;0;6;9;6;9;20;8;20
21690;7;0;6;9;8;8;22;4;21
21700;7;0;6;8;4;8;22;9;21
21710;7;0;6;9;3;8;21;10;20
21720;7;0;6;9;5;8;20;9;20
21730;7;0;6;9;6;8;20;8;20
21740;7;0;6;9;6;8;20;8;19
21750;7;0;6;9;6;8;19;9;19
21760;7;0;6;8;7;8;20;8;19
21770;7;0;6;8;9;8;20;6;19
21780;7;0;6;7;9;7;21;6;20
21790;7;0;6;8;4;7;19;12;19
21800;7;0;6;8;8;7;19;8;19
21810;7;0;6;7;7;7;20;9;19
21820;7;0;6;8;9;7;19;7;19
21830;7;0;6;8;7;7;20;8;19
21840;7;0;6;7;7;7;20;9;19
21850;7;0;6;8;9;7;20;6;19
21860;6;1;5;8;9;7;20;6;20
21870;6;0;5;8;7;7;21;8;20
21880;5;1;4;9;6;8;20;9;20
21890;5;0;4;9;7;8;21;8;20
21900;5;0;4;9;10;8;19;7;18
21910;5;0;4;9;10;8;19;7;18
21920;5;0;4;9;10;8;19;7;18
21930;5;0;4;9;12;8;19;5;18
21940;5;0;4;9;10;8;19;7;18
21950;5;0;4;9;10;8;19;7;18
21960;5;0;4;8;10;7;20;7;19
21970;5;0;4;7;9;7;20;9;19
21980;5;0;4;8;8;7;20;9;19
21990;5;0;4;8;10;7;20;7;19
22000;5;0;9;8;15;7;20;2;19
22010;10;3;9;8;9;7;20;0;19
22020;9;6;9;8;7;7;20;0;19
22030;9;6;9;8;7;7;20;0;19
22040;10;5;9;7;5;6;20;3;20
22050;9;5;8;7;6;7;20;3;19
22060;9;1;8;8;11;7;20;1;19
22070;9;0;8;8;7;7;20;6;19
22080;9;0;8;8;10;7;19;4;19
22090;7;1;6;9;8;8;21;4;20
22100;7;0;6;8;8;8;20;7;20
22110;7;0;6;9;6;8;20;8;20
22120;7;0;6;8;7;8;20;8;19
22130;7;0;6;9;7;8;19;8;19
22140;7;0;6;8;10;8;20;5;19
22150;7;0;6;8;9;8;19;7;19
22160;7;0;6;8;9;8;19;7;19
22170;7;0;6;9;8;8;20;6;19
22180;7;0;6;8;11;8;20;4;19
22190;7;0;6;8;9;8;20;6;19
22200;7;0;6;8;10;8;18;7;17
22210;7;0;6;8;11;8;18;6;17
22220;7;0;6;8;11;8;17;7;16
22230;7;0;6;8;15;8;17;3;16
22240;7;0;6;8;17;8;17;1;16
22250;7;0;6;9;18;8;16;0;15
22260;7;0;6;8;15;8;15;5;15
22270;7;0;6;9;14;8;16;4;15
22280;7;0;6;8;15;8;16;4;15
22290;7;0;6;9;14;8;16;4;15
22300;7;0;6;7;13;7;16;7;16
22310;7;0;6;7;14;7;17;5;16
22320;7;0;6;8;11;7;16;8;16
22330;7;0;6;8;9;7;15;11;15
22340;7;0;6;8;14;7;16;5;15
22350;7;0;6;7;17;7;15;4;14
22360;7;0;6;7;15;7;15;6;14
22370;7;0;6;8;12;7;15;8;14
22380;7;0;6;8;11;7;15;9;14
22390;7;0;6;8;13;7;15;7;14
22400;7;0;6;8;16;7;15;4;14
22410;6;1;5;8;11;8;15;9;14
22420;5;1;4;10;8;9;15;11;14
22430;5;1;4;10;11;9;14;9;14
22440;5;0;4;9;10;9;15;11;14
22450;5;0;4;10;13;9;15;7;14
22460;4;1;3;11;10;10;14;10;14
22470;4;0;3;10;13;10;15;8;14
22480;4;0;3;11;10;10;15;10;14
22490;4;0;3;10;10;10;14;12;14
22500;4;0;8;10;10;9;16;10;15
22510;9;3;8;10;8;9;15;5;15
22520;9;4;8;10;7;9;16;4;15
22530;9;6;8;10;5;9;15;5;15
22540;9;4;8;9;8;9;16;4;15
22550;9;2;8;9;8;9;15;7;15
22560;9;3;8;10;5;9;15;8;15
22570;9;2;8;10;6;9;15;8;15
22580;8;4;8;9;8;9;16;5;15
22590;8;3;8;10;8;9;16;5;15
22600;9;4;8;10;6;9;15;6;15
22610;8;4;7;10;8;10;16;4;15
22620;7;1;7;10;10;10;15;7;15
22630;8;4;7;10;6;10;16;6;15
22640;8;2;7;11;7;10;16;6;15
22650;8;0;7;11;7;10;16;8;15
22660;8;0;7;10;10;10;16;6;15
22670;8;0;7;11;11;10;16;4;15
22680;8;0;7;10;10;10;15;7;15
22690;8;0;7;10;11;10;16;5;15
22700;8;0;7;10;10;10;16;6;15
22710;8;0;7;11;10;10;15;6;15
22720;8;0;7;10;8;10;16;8;15
22730;8;0;7;11;8;10;16;7;15
22740;8;0;7;10;9;10;15;8;15
22750;8;0;7;11;8;10;16;7;15
22760;8;0;7;10;12;10;15;5;15
22770;8;0;7;11;10;10;16;5;15
22780;7;1;6;12;8;11;16;6;15
22790;7;0;6;12;10;11;15;6;15
22800;7;0;6;12;8;11;16;7;15
22810;7;0;6;11;10;10;17;5;16
22820;7;0;6;10;9;9;17;7;17
22830;7;0;6;9;8;9;17;9;17
22840;7;0;6;9;10;9;17;7;17
22850;6;1;5;10;8;10;17;8;17
22860;6;0;5;10;11;10;18;5;17
22870;6;0;5;11;9;10;17;7;17
22880;6;0;5;9;12;9;19;4;18
22890;6;0;5;10;8;9;18;8;18
22900;6;0;5;10;7;9;18;9;18
22910;6;0;5;9;7;9;18;10;18
22920;5;1;4;10;7;10;18;9;17
22930;5;0;4;10;11;10;18;6;17
22940;5;0;4;10;9;10;18;8;17
22950;5;0;4;11;12;10;18;4;17
22960;5;0;4;10;13;10;18;4;17
22970;4;0;3;11;11;11;18;6;17
22980;4;0;3;12;11;11;18;5;17
22990;4;0;3;12;12;11;18;4;17
23000;4;0;8;12;15;11;18;1;16
23010;9;6;8;12;5;11;18;0;16
23020;8;8;8;11;5;11;18;0;16
23030;8;6;8;12;6;11;18;0;16
23040;9;6;8;12;6;11;17;0;15
23050;9;3;8;11;10;11;16;1;15
23060;9;0;8;11;13;11;16;1;14
23070;9;0;8;12;13;11;16;0;14
23080;9;0;8;12;13;11;16;0;13
23090;9;0;8;12;13;11;15;1;13
23100;9;0;8;12;13;11;14;2;13
23110;9;0;8;12;14;11;14;1;13
23120;9;0;8;11;14;10;15;1;14
23130;9;0;8;11;10;10;15;5;14
23140;9;0;8;11;9;10;15;6;14
23150;9;0;8;11;10;10;15;5;14
23160;9;0;8;11;9;10;15;6;14
23170;9;0;8;11;7;10;15;8;14
23180;9;0;8;10;9;10;14;8;13
23190;9;0;8;11;9;10;14;7;13
23200;8;0;7;12;8;11;14;8;13
23210;8;0;7;12;9;11;14;7;13
23220;8;0;7;11;10;11;14;7;13
23230;8;0;7;12;7;11;14;9;13
23240;8;0;7;10;4;9;16;12;15
23250;8;0;7;10;7;9;16;9;15
23260;8;0;7;9;8;8;16;9;15
23270;8;0;7;9;8;8;15;10;15
23280;7;1;6;10;5;9;15;12;15
23290;7;0;6;9;6;9;16;12;15
23300;7;0;6;9;9;8;16;9;15
23310;7;0;6;7;10;6;17;9;16
23320;7;0;6;7;8;6;16;12;16
23330;7;0;6;7;6;6;16;14;15
23340;7;0;6;7;9;6;16;11;15
23350;7;0;6;7;9;6;16;11;15
23360;6;0;5;8;11;7;15;10;15
23370;6;0;5;7;11;7;15;11;15
23380;6;0;5;7;13;7;16;8;15
23390;6;0;5;8;12;7;16;8;15
23400;4;1;3;10;12;9;15;8;15
23410;4;0;3;9;14;9;16;7;15
23420;4;0;3;10;13;9;16;7;15
23430;4;0;3;10;12;9;16;8;15
23440;4;0;3;10;9;9;15;12;15
23450;4;0;3;9;13;9;15;9;15
23460;4;0;3;9;16;9;16;5;15
23470;4;0;3;9;16;9;15;6;15
23480;3;0;2;11;12;10;16;8;15
23490;3;0;2;11;15;10;16;5;15
23500;3;0;7;10;11;10;16;10;15
23510;8;4;7;11;7;10;15;5;15
23520;7;2;6;12;7;11;16;6;15
23530;6;3;6;11;10;11;16;4;15
23540;7;2;6;12;8;11;15;6;15
23550;6;4;5;13;6;12;16;5;15
23560;6;1;5;13;8;12;16;6;15
23570;6;0;5;12;12;12;16;4;15
23580;6;0;5;13;10;12;16;5;15
23590;6;0;5;12;12;12;15;5;15
23600;6;2;5;12;9;11;16;5;16
23610;6;1;5;12;8;11;17;6;16
23620;6;0;5;10;11;10;17;6;17
23630;6;0;5;11;8;10;18;7;17
23640;6;0;5;11;5;10;18;10;17
23650;6;0;5;10;7;10;18;9;17
23660;6;0;5;10;6;10;17;11;17
23670;6;0;5;10;6;10;17;11;17
23680;6;0;5;10;8;10;17;9;17
23690;6;0;5;11;6;10;18;9;17
23700;6;0;5;11;7;10;18;8;17
23710;6;0;5;11;8;10;17;8;17
23720;6;0;5;11;6;10;18;9;17
23730;6;0;5;10;10;10;18;6;17
23740;6;0;5;10;8;9;18;8;17
23750;6;0;5;10;10;9;17;7;16
23760;6;0;5;10;10;9;16;8;16
23770;6;0;5;10;12;9;17;5;16
23780;6;0;5;10;18;9;16;0;15
23790;6;0;5;10;18;9;16;0;15
23800;6;0;5;10;17;9;16;1;15
23810;6;0;5;10;14;9;16;4;15
23820;6;0;5;10;12;9;16;6;15
23830;6;0;5;10;13;9;16;5;15
23840;6;0;5;9;11;8;17;7;16
23850;6;0;5;9;14;8;17;4;16
23860;6;0;5;8;13;8;17;6;16
23870;6;0;5;9;12;8;17;6;16
23880;6;0;5;9;15;8;17;3;16
23890;6;0;5;9;11;8;16;8;16
23900;6;0;5;9;11;8;17;7;16
23910;6;0;5;8;11;7;18;7;17
23920;6;0;5;8;11;7;18;7;16
23930;6;0;5;7;12;7;17;8;16
23940;6;0;5;8;12;7;17;7;16
23950;6;0;5;7;10;7;17;10;16
23960;6;0;5;8;11;7;16;9;16
23970;5;0;4;9;11;8;17;8;16
23980;4;1;3;9;12;9;16;8;15
23990;3;0;2;10;16;10;16;5;15
24000;3;0;7;10;15;10;16;6;15
24010;7;6;6;12;6;11;16;3;15
24020;7;4;6;12;6;11;15;6;15
24030;7;3;6;12;8;11;16;4;15
24040;7;4;6;12;6;11;16;5;15
24050;6;5;6;12;5;11;16;6;15
24060;6;6;6;11;7;11;16;4;15
24070;7;4;6;12;9;11;15;3;15
24080;7;5;6;11;8;11;16;3;15
24090;7;3;6;12;10;11;15;3;14
24100;7;2;6;11;11;11;15;4;14
24110;7;1;6;12;10;11;15;5;14
24120;7;1;6;12;15;11;14;1;12
24130;7;1;6;12;16;11;14;0;12
24140;7;0;6;11;18;10;13;1;12
24150;7;0;6;11;19;10;13;0;12
24160;7;0;6;11;19;10;13;0;12
24170;7;0;6;10;20;10;13;0;11
24180;7;0;6;11;19;10;12;1;11
24190;7;0;6;10;18;10;12;3;11
24200;7;0;6;11;20;10;12;0;11
24210;7;0;6;11;20;10;12;0;11
24220;7;0;6;10;21;10;12;0;11
24230;7;0;6;11;20;10;12;0;10
24240;7;0;6;11;20;10;12;0;10
24250;7;0;6;11;21;10;11;0;10
24260;7;0;6;10;18;9;12;3;11
24270;7;0;6;9;14;8;12;8;12
24280;7;0;6;8;15;8;12;8;12
24290;7;0;6;9;11;8;13;10;12
24300;7;0;6;8;8;7;14;13;13
24310;7;0;6;7;9;7;13;14;13
24320;7;0;6;8;13;7;14;8;13
24330;7;0;6;8;14;7;14;7;13
24340;7;0;6;8;10;7;14;11;13
24350;7;0;6;8;12;7;14;9;13
24360;7;0;6;8;14;7;13;8;13
24370;7;0;6;7;11;6;15;10;14
24380;7;0;6;7;11;6;15;10;14
24390;7;0;6;6;7;5;15;15;15
24400;7;0;6;6;5;5;16;16;15
24410;7;0;6;6;6;5;16;15;15
24420;7;0;6;6;8;5;16;13;15
24430;7;0;6;5;10;4;17;11;16
24440;7;0;6;5;8;4;16;14;16
24450;7;0;6;4;10;4;17;12;16
24460;7;0;6;5;14;4;17;7;16
24470;7;0;6;5;12;4;17;9;16
24480;6;1;5;6;10;5;17;10;16
24490;6;0;5;6;13;5;17;8;16
24500;6;0;10;6;13;5;17;8;16
24510;11;7;10;5;6;5;16;5;15
24520;10;6;9;7;10;6;16;1;15
24530;9;4;9;6;16;6;15;0;14
24540;10;1;9;6;18;6;15;0;14
24550;10;0;9;7;14;6;14;5;14
24560;10;0;9;7;9;6;15;9;14
24570;10;0;9;6;10;6;15;9;14
24580;10;0;9;7;10;6;14;9;14
24590;10;0;9;7;10;6;15;8;14
24600;10;0;9;6;10;6;14;10;14
24610;10;0;9;7;10;6;15;8;14
24620;10;0;9;6;12;6;15;7;14
24630;10;0;9;7;11;6;15;7;14
24640;10;0;9;7;12;6;14;7;14
24650;10;0;9;7;11;6;15;7;14
24660;10;0;9;7;12;6;15;6;14
24670;10;0;9;7;9;6;15;9;14
24680;10;0;9;7;9;6;14;10;14
24690;10;0;9;7;9;6;14;10;14
24700;10;0;9;6;9;6;15;10;14
24710;9;1;8;8;12;7;15;5;14
24720;9;5;8;6;11;6;14;5;13
24730;8;4;8;7;12;6;14;5;13
24740;9;4;8;7;12;6;14;4;13
24750;8;1;7;7;12;7;13;9;13
24760;7;2;6;9;14;8;14;4;13
24770;7;1;6;9;19;8;14;0;13
24780;7;0;6;8;20;8;14;1;13
24790;7;0;6;9;19;8;14;1;13
24800;7;0;6;9;16;8;14;4;13
24810;7;0;6;9;15;8;13;6;12
24820;7;0;6;9;21;8;13;0;12
24830;7;0;6;9;21;8;13;0;12
24840;7;0;6;9;19;8;13;2;12
24850;7;0;6;9;17;8;13;4;12
24860;6;1;5;9;17;9;12;5;11
24870;6;0;5;8;18;8;13;5;12
24880;6;0;5;8;14;8;13;9;12
24890;6;0;5;9;15;8;12;8;12
24900;6;0;4;9;13;9;12;10;12
24910;5;0;4;10;14;9;13;8;12
24920;5;0;4;9;15;9;12;9;12
24930;5;0;4;9;22;9;12;2;11
24940;5;0;4;10;23;9;12;0;11
24950;5;0;4;10;23;9;12;0;11
24960;5;0;3;10;23;10;12;0;11
24970;4;0;3;10;24;10;12;0;11
24980;4;0;3;11;19;10;12;4;11
24990;4;0;3;10;17;10;12;7;11
25000;4;0;8;11;21;10;12;2;11
25010;8;8;8;10;11;10;12;1;11
25020;8;5;7;12;10;11;11;4;11
25030;8;3;7;11;13;10;13;2;12
25040;8;2;7;10;12;10;13;5;12
25050;8;0;7;10;14;10;13;5;12
25060;8;0;7;11;12;10;12;7;11
25070;8;0;7;10;14;10;11;7;11
25080;7;1;6;11;11;11;12;8;11
25090;7;0;6;11;10;11;11;11;11
25100;7;0;6;12;11;11;11;9;11
25110;7;0;6;11;14;11;12;6;11
25120;7;0;6;11;10;11;11;11;11
25130;7;0;6;11;11;11;11;10;11
25140;7;0;6;11;13;11;12;7;11
25150;7;0;6;12;11;11;12;8;11
25160;7;0;6;12;12;11;12;7;11
25170;7;0;6;12;9;11;11;11;11
25180;7;0;6;12;10;11;11;10;11
25190;7;0;6;12;12;11;12;7;11
25200;7;0;6;11;14;11;12;6;11
25210;7;0;6;11;9;10;13;10;12
25220;7;0;6;11;9;10;12;11;12
25230;6;0;5;12;11;11;12;9;12
25240;6;0;5;12;12;11;13;7;12
25250;6;0;5;12;10;11;13;9;12
25260;6;0;5;12;10;11;13;9;12
25270;6;0;5;12;12;11;13;7;12
25280;6;0;5;12;12;11;13;7;12
25290;6;0;5;11;15;11;12;6;12
25300;6;0;5;11;12;11;12;9;12
25310;5;0;4;13;12;12;12;8;12
25320;5;0;4;13;13;12;13;6;12
25330;5;0;4;13;11;12;13;8;12
25340;5;0;4;13;11;12;13;8;12
25350;5;0;4;13;14;12;13;5;12
25360;5;0;4;13;11;12;12;9;11
25370;5;0;4;12;19;12;12;2;11
25380;5;0;4;12;20;11;12;1;12
25390;4;1;3;13;14;12;13;5;12
25400;4;0;3;12;15;12;13;6;12
25410;4;0;3;13;15;12;13;5;12
25420;4;0;3;12;15;11;14;5;13
25430;4;0;3;12;13;11;13;8;13
25440;4;0;3;12;14;11;14;6;13
25450;4;0;3;12;14;11;14;6;13
25460;4;0;3;11;13;11;14;8;13
25470;4;0;3;12;13;11;14;7;13
25480;4;0;3;12;10;11;14;10;13
25490;4;0;3;10;10;10;14;12;14
25500;4;0;8;11;10;10;14;11;14
25510;8;5;8;10;10;10;15;2;14
25520;9;3;8;10;9;10;15;4;14
25530;9;2;8;10;9;10;14;6;14
25540;9;2;8;10;8;10;14;7;14
25550;9;2;8;10;10;10;15;4;14
25560;9;0;8;11;9;10;14;7;14
25570;9;0;8;11;9;10;15;6;14
25580;9;0;8;11;9;10;14;7;14
25590;9;0;8;11;9;10;14;7;14
25600;9;0;8;11;8;10;15;7;14
25610;9;0;8;11;7;10;15;8;14
25620;9;0;8;11;11;10;14;5;14
25630;9;0;8;9;7;9;16;9;15
25640;9;0;8;9;7;8;17;8;16
25650;9;0;8;9;6;8;15;11;15
25660;9;0;8;8;5;7;17;11;16
25670;9;0;8;8;4;7;16;13;15
25680;9;0;8;8;9;7;15;9;15
25690;9;0;8;8;6;7;16;11;15
25700;9;0;8;8;12;7;15;6;15
25710;8;0;7;9;9;8;16;8;15
25720;8;0;7;9;11;8;16;6;15
25730;8;0;7;8;9;8;16;9;15
25740;8;0;7;8;12;8;15;7;15
25750;8;0;7;8;9;7;16;9;16
25760;8;0;7;8;9;7;16;9;16
25770;7;2;7;8;6;7;17;10;16
25780;8;5;7;8;8;7;16;5;16
25790;7;3;6;9;4;8;16;11;15
25800;6;0;5;8;10;7;17;9;17
25810;6;0;5;6;9;6;19;10;18
25820;6;0;5;7;9;6;18;10;18
25830;6;0;5;7;5;6;18;14;17
25840;6;0;5;7;9;6;17;11;17
25850;6;0;5;7;7;6;18;12;17
25860;6;0;5;6;10;6;17;11;17
25870;6;0;5;7;9;6;17;11;17
25880;6;0;5;6;11;6;18;9;17
25890;6;0;5;6;6;5;19;13;18
25900;6;0;5;6;9;5;19;10;18
25910;6;0;5;6;10;5;19;9;18
25920;6;0;5;6;11;5;18;9;18
25930;6;0;5;5;11;5;18;10;18
25940;6;0;5;6;14;5;19;5;18
25950;6;0;5;6;13;5;19;6;18
25960;6;0;5;5;14;5;19;6;18
25970;6;0;5;5;9;5;19;11;18
25980;6;0;5;5;14;5;18;7;18
25990;6;0;5;6;9;5;19;10;18
26000;6;0;10;6;13;5;18;7;18
26010;11;6;10;6;4;5;19;4;18
26020;10;5;9;7;6;6;19;3;18
26030;10;3;9;7;7;6;18;5;18
26040;10;0;9;6;6;6;18;10;18
26050;10;0;9;7;7;6;18;8;18
26060;10;0;9;6;9;6;19;6;18
26070;10;0;9;7;6;6;18;9;17
26080;10;0;9;7;8;6;17;8;17
26090;10;0;9;7;6;6;18;9;17
26100;10;0;9;7;6;6;17;10;16
26110;10;0;9;6;13;6;16;5;16
26120;10;0;9;7;10;6;17;6;16
26130;10;0;9;7;14;6;16;3;15
26140;10;0;9;6;13;6;16;5;15
26150;10;0;9;6;13;6;15;6;15
26160;10;0;9;7;9;6;16;8;15
26170;10;0;9;7;11;6;15;7;15
26180;10;0;9;7;11;6;16;6;15
26190;10;0;9;7;8;6;16;9;15
26200;10;0;9;7;9;6;15;9;15
26210;10;0;9;7;6;6;16;11;15
26220;10;0;9;6;9;6;16;9;15
26230;10;0;9;4;5;4;18;13;17
26240;10;0;9;4;7;4;17;12;17
26250;10;0;9;5;3;4;17;15;16
26260;10;0;9;5;6;4;17;12;16
26270;10;0;9;5;5;4;16;14;15
26280;10;0;9;5;7;4;16;12;15
26290;10;0;9;4;7;3;16;13;16
26300;9;0;8;5;11;4;16;9;16
