10;1;3;0;1;4;0;1;4;0
20;1;2;0;1;4;0;1;6;0
30;1;1;0;0;6;0;1;6;0
40;1;5;0;1;5;0;1;2;0
50;1;3;0;1;5;0;1;4;0
60;1;2;0;1;5;0;1;5;0
70;8;0;16;1;3;0;1;2;0
80;11;0;27;0;1;0;0;3;0
90;11;0;35;1;2;0;1;0;0
100;13;0;48;0;1;0;0;1;0
110;13;0;48;0;1;0;0;1;0
120;13;0;48;0;1;0;0;1;0
130;13;0;48;0;1;0;0;1;0
140;13;0;48;0;1;0;0;1;0
150;13;0;48;1;0;0;0;1;0
160;13;0;48;0;1;0;0;1;0
170;13;0;48;0;1;0;0;1;0
180;13;0;48;1;0;0;0;1;0
190;13;0;48;1;0;0;0;1;0
200;13;0;48;0;1;0;1;0;0
210;13;0;48;1;0;0;0;1;0
220;13;0;48;0;1;0;1;0;0
230;13;0;48;1;0;0;1;0;0
240;13;0;48;1;0;0;1;0;0
250;13;0;48;0;1;0;1;0;0
260;13;0;48;0;1;0;0;1;0
270;13;0;48;1;0;0;0;1;0
280;13;0;48;0;1;0;1;0;0
290;13;0;48;0;1;0;0;1;0
300;13;0;48;0;1;0;0;1;0
310;13;0;48;1;0;0;1;0;0
320;13;0;48;0;1;0;0;1;0
330;13;0;48;1;0;0;0;1;0
340;13;0;48;1;0;0;0;1;0
350;13;0;48;0;1;0;1;0;0
360;13;0;48;0;1;0;1;0;0
370;13;0;48;0;1;0;1;0;0
380;13;0;48;0;1;0;1;0;0
390;13;0;48;1;0;0;0;1;0
400;13;0;47;1;0;1;1;0;0
410;13;0;46;1;0;2;1;0;0
420;13;0;46;1;0;2;1;0;0
430;13;0;46;1;0;2;0;1;0
440;13;0;46;1;0;2;1;0;0
450;13;0;46;1;0;2;0;1;0
460;13;0;45;1;0;3;0;1;0
470;13;0;42;1;0;6;0;1;0
480;13;0;40;1;0;8;1;0;0
490;13;0;37;1;0;11;0;1;0
500;13;0;37;1;0;11;0;1;0
510;13;0;37;1;0;11;0;1;0
520;13;0;37;1;0;11;0;1;0
530;13;0;37;1;0;11;1;0;0
540;13;0;37;1;0;11;0;1;0
550;13;0;36;1;0;12;1;0;0
560;13;0;34;1;0;14;0;1;0
570;13;0;34;1;0;14;0;1;0
580;13;0;34;1;0;14;0;1;0
590;13;0;32;1;0;16;1;0;0
600;13;0;32;1;0;16;1;0;0
610;13;0;32;1;0;16;1;0;0
620;13;0;31;1;0;17;1;0;0
630;13;0;31;1;0;17;0;1;0
640;13;0;31;1;0;17;0;1;0
650;13;0;31;1;0;17;0;1;0
660;13;0;31;1;0;17;0;1;0
670;13;0;31;1;0;17;0;1;0
680;13;0;30;1;0;18;1;0;0
690;13;0;30;1;0;18;0;1;0
700;13;0;30;1;0;18;1;0;0
710;13;0;30;1;0;18;1;0;0
720;13;0;27;1;0;21;0;1;0
730;13;0;27;1;0;21;1;0;0
740;13;0;25;1;0;23;0;1;0
750;13;0;25;1;0;23;1;0;0
760;13;0;25;1;0;23;0;1;0
770;13;0;25;1;0;23;0;1;0
780;13;0;25;1;0;23;1;0;0
790;13;0;25;1;0;23;0;1;0
800;13;0;25;1;0;23;0;1;0
810;13;0;23;1;0;25;1;0;0
820;13;0;20;1;0;28;1;0;0
830;13;0;20;1;0;28;0;1;0
840;13;0;20;1;0;28;0;1;0
850;13;0;18;1;0;30;0;1;0
860;13;0;16;1;0;32;1;0;0
870;13;0;14;1;0;34;1;0;0
880;13;0;14;1;0;34;0;1;0
890;13;0;14;1;0;34;0;1;0
900;13;0;14;1;0;34;0;1;0
910;13;0;14;1;0;34;1;0;0
920;13;0;14;1;0;34;0;1;0
930;13;0;14;1;0;34;0;1;0
940;13;0;14;1;0;34;1;0;0
950;13;0;14;1;0;34;1;0;0
960;13;0;14;1;0;34;0;1;0
970;13;0;14;1;0;34;1;0;0
980;13;0;14;1;0;34;1;0;0
990;13;0;14;1;0;34;0;1;0
1000;13;0;14;1;0;34;0;1;0
1010;12;1;12;1;0;36;0;1;0
1020;12;1;12;1;0;36;0;1;0
1030;12;1;12;1;0;36;1;0;0
1040;12;1;12;1;0;36;1;0;0
1050;12;1;12;1;0;36;1;0;0
1060;11;2;10;1;0;38;0;1;0
1070;8;3;8;3;0;40;1;0;0
1080;7;1;7;6;0;41;0;1;0
1090;8;0;7;6;0;41;0;1;0
1100;7;1;7;6;0;41;0;1;0
1110;7;1;7;6;0;41;0;1;0
1120;6;2;4;6;0;44;0;1;0
1130;5;0;4;8;0;44;1;1;0
1140;5;0;4;9;0;44;0;1;0
1150;3;1;3;9;0;45;1;1;0
1160;4;1;3;9;0;45;1;0;0
1170;3;2;3;9;0;45;0;1;0
1180;4;0;3;10;0;45;1;0;0
1190;3;0;2;11;0;46;1;0;0
1200;3;0;2;11;0;46;0;1;0
1210;1;2;1;11;0;47;0;1;0
1220;2;0;1;11;0;47;0;2;0
1230;1;2;1;11;0;47;0;1;0
1240;2;1;1;11;0;47;0;1;0
1250;1;1;1;12;0;47;0;1;0
1260;1;1;1;12;0;47;1;0;0
1270;0;1;0;13;0;48;0;1;0
1280;0;1;0;13;0;48;0;1;0
1290;0;1;0;13;0;48;0;1;0
1300;1;0;0;13;0;48;0;1;0
1310;1;0;0;13;0;48;0;1;0
1320;1;0;0;13;0;48;0;1;0
1330;1;0;0;13;0;48;1;0;0
1340;1;0;0;13;0;48;0;1;0
1350;1;0;0;13;0;48;0;1;0
1360;0;1;0;13;0;48;1;0;0
1370;0;1;0;13;0;48;0;1;0
1380;1;0;0;13;0;48;0;1;0
1390;0;1;0;13;0;48;1;0;0
1400;0;1;0;13;0;48;1;0;0
1410;1;0;0;13;0;48;0;1;0
1420;1;0;0;13;0;46;1;0;2
1430;0;1;0;13;0;46;1;0;2
1440;1;0;0;13;0;46;1;0;2
1450;1;0;0;13;0;46;1;0;2
1460;1;0;0;13;0;46;1;0;2
1470;1;0;0;13;0;46;1;0;2
1480;1;0;0;13;0;45;1;0;3
1490;1;0;0;13;0;45;1;0;3
1500;1;0;0;13;0;45;1;0;3
1510;1;0;0;13;0;45;1;0;3
1520;1;0;0;13;0;41;1;0;7
1530;1;0;0;13;0;41;1;0;7
1540;1;0;0;13;0;41;1;0;7
1550;1;0;0;13;0;41;1;0;7
1560;1;0;0;13;0;41;1;0;7
1570;1;0;0;13;0;41;1;0;7
1580;1;0;0;13;0;40;1;0;8
1590;0;1;-1;13;0;41;1;0;8
1600;0;1;-1;13;0;36;1;0;13
1610;0;1;-1;13;0;36;1;0;13
1620;0;1;-1;13;0;36;1;0;13
1630;0;1;-1;13;0;36;1;0;13
1640;0;1;-1;13;0;36;1;0;13
1650;0;1;-1;13;0;36;1;0;13
1660;0;1;-1;13;0;36;1;0;13
1670;0;1;-1;13;0;36;1;0;13
1680;0;1;-1;13;0;36;1;0;13
1690;0;1;-1;13;0;35;1;0;14
1700;0;1;-1;13;0;35;1;0;14
1710;0;1;-1;13;0;35;1;0;14
1720;0;1;-1;13;0;35;1;0;14
1730;0;1;-1;13;0;35;1;0;14
1740;0;1;-1;13;0;35;1;0;14
1750;0;1;-1;13;0;35;1;0;14
1760;0;1;-1;13;0;35;1;0;14
1770;0;1;-1;13;0;35;1;0;14
1780;0;1;-1;13;0;34;1;0;15
1790;0;1;-1;13;0;34;1;0;15
1800;0;1;-1;13;0;34;1;0;15
1810;0;1;-1;13;0;34;1;0;15
1820;0;1;-1;13;0;34;1;0;15
1830;0;1;-1;13;0;34;1;0;15
1840;0;1;-1;13;0;34;1;0;15
1850;0;1;-1;13;0;34;1;0;15
1860;0;1;-1;13;0;34;1;0;15
1870;0;1;-1;13;0;34;1;0;15
1880;0;1;-1;13;0;34;1;0;15
1890;0;1;-1;13;0;34;1;0;15
1900;0;1;-1;13;0;34;1;0;15
1910;0;1;-1;13;0;34;1;0;15
1920;0;1;-1;13;0;34;1;0;15
1930;0;1;-1;13;0;34;1;0;15
1940;0;1;-1;13;0;34;1;0;15
1950;0;1;-1;13;0;34;1;0;15
1960;0;1;-1;13;0;34;1;0;15
1970;0;1;-1;13;0;34;1;0;15
1980;0;1;-1;13;0;34;1;0;15
1990;0;1;-1;13;0;34;1;0;15
2000;0;1;-1;13;0;34;1;0;15
2010;0;1;-1;13;0;34;1;0;15
2020;0;1;-1;13;0;34;1;0;15
2030;0;1;-1;13;0;34;1;0;15
2040;0;1;-1;13;0;34;1;0;15
2050;0;1;-1;13;0;34;1;0;15
2060;0;1;-1;13;0;34;1;0;15
2070;0;1;-1;13;0;34;1;0;15
2080;0;1;-1;13;0;34;1;0;15
2090;0;1;-1;13;0;34;1;0;15
2100;0;1;-1;13;0;34;1;0;15
2110;0;1;-1;13;0;34;1;0;15
2120;0;1;-1;13;0;32;1;0;17
2130;0;1;-1;13;0;32;1;0;17
2140;0;1;-1;13;0;31;1;0;18
2150;0;1;-1;13;0;31;1;0;18
2160;0;1;-1;13;0;31;1;0;18
2170;0;1;-1;13;0;31;1;0;18
2180;0;1;-1;13;0;31;1;0;18
2190;0;1;-1;13;0;31;1;0;18
2200;0;1;-1;13;0;30;1;0;19
2210;0;1;-1;13;0;30;1;0;19
2220;0;1;-1;13;0;30;1;0;19
2230;0;1;-1;13;0;30;1;0;19
2240;0;1;-1;13;0;30;1;0;19
2250;0;1;-1;13;0;30;1;0;19
2260;0;1;-1;13;0;30;1;0;19
2270;0;1;-1;13;0;30;1;0;19
2280;0;1;-1;13;0;30;1;0;19
2290;0;1;-1;13;0;30;1;0;19
2300;0;1;-1;13;0;29;1;0;20
2310;0;1;-1;13;0;29;1;0;20
2320;0;1;-1;13;0;29;1;0;20
2330;0;1;-1;13;0;29;1;0;20
2340;0;1;-1;13;0;29;1;0;20
2350;0;1;-1;13;0;26;1;0;23
2360;0;1;-1;13;0;26;1;0;23
2370;0;1;-1;13;0;24;1;0;25
2380;0;1;-1;13;0;24;1;0;25
2390;0;1;-1;13;0;24;1;0;25
2400;0;1;-1;13;0;24;1;0;25
2410;0;1;-1;13;0;24;1;0;25
2420;0;1;-1;13;0;24;1;0;25
2430;0;1;-1;13;0;24;1;0;25
2440;0;1;-1;13;0;24;1;0;25
2450;0;1;-1;13;0;24;1;0;25
2460;0;1;-1;13;0;24;1;0;25
2470;0;1;-1;13;0;24;1;0;25
2480;0;1;-1;13;0;24;1;0;25
2490;0;1;-1;13;0;23;1;0;26
2500;0;1;-1;13;0;23;1;0;26
2510;0;1;-1;13;0;23;1;0;26
2520;0;1;-1;13;0;23;1;0;26
2530;0;1;-1;13;0;23;1;0;26
2540;0;1;-1;13;0;23;1;0;26
2550;0;1;-1;13;0;23;1;0;26
2560;0;1;-1;13;0;23;1;0;26
2570;0;1;-1;13;0;23;1;0;26
2580;0;1;-1;13;0;23;1;0;26
2590;0;1;-1;13;0;21;1;0;28
2600;0;1;-1;13;0;21;1;0;28
2610;0;1;-1;13;0;21;1;0;28
2620;0;1;-1;13;0;21;1;0;28
2630;0;1;-1;13;0;21;1;0;28
2640;0;1;-1;13;0;21;1;0;28
2650;0;1;-1;13;0;21;1;0;28
2660;0;1;-1;13;0;21;1;0;28
2670;0;1;-1;13;0;21;1;0;28
2680;0;1;-1;13;0;21;1;0;28
2690;0;1;-1;13;0;21;1;0;28
2700;0;1;-1;13;0;21;1;0;28
2710;0;1;-1;13;0;21;1;0;28
2720;0;1;-1;13;0;21;1;0;28
2730;0;1;-1;13;0;21;1;0;28
2740;0;1;-1;13;0;21;1;0;28
2750;0;1;-1;13;0;21;1;0;28
2760;0;1;-1;13;0;21;1;0;28
2770;0;1;-1;13;0;19;1;0;30
2780;0;1;-1;13;0;19;1;0;30
2790;0;1;-1;13;0;19;1;0;30
2800;0;1;-1;13;0;19;1;0;30
2810;0;1;-1;13;0;19;1;0;30
2820;0;1;-1;13;0;19;1;0;30
2830;0;1;-1;13;0;18;1;0;31
2840;0;1;-1;13;0;18;1;0;31
2850;0;1;-1;13;0;18;1;0;31
2860;0;1;-1;13;0;18;1;0;31
2870;0;1;-1;13;0;18;1;0;31
2880;0;1;-1;13;0;17;1;0;32
2890;0;1;-1;13;0;17;1;0;32
2900;0;1;-1;13;0;17;1;0;32
2910;0;1;-1;13;0;17;1;0;32
2920;0;1;-1;13;0;17;1;0;32
2930;0;1;-1;13;0;17;1;0;32
2940;0;1;-1;13;0;17;1;0;32
2950;0;1;-1;13;0;15;1;0;34
2960;0;1;-1;13;0;15;1;0;34
2970;0;1;-1;13;0;15;1;0;34
2980;0;1;-1;13;0;15;1;0;34
2990;0;1;-1;13;0;15;1;0;34
3000;0;1;49;13;0;15;1;0;34
3010;0;1;49;13;0;15;1;0;34
3020;0;1;49;13;0;15;1;0;34
3030;0;1;49;13;0;15;1;0;34
3040;0;1;49;13;0;15;1;0;34
3050;0;1;49;13;0;15;1;0;34
3060;0;1;49;13;0;15;1;0;34
3070;0;1;49;13;0;15;1;0;34
3080;0;1;49;13;0;15;1;0;34
3090;0;1;49;13;0;15;1;0;34
3100;0;1;49;13;0;15;1;0;34
3110;0;1;49;13;0;15;1;0;34
3120;0;1;49;13;0;15;1;0;34
3130;0;1;49;13;0;15;1;0;34
3140;0;1;49;13;0;15;1;0;34
3150;0;1;49;13;0;14;1;0;35
3160;0;1;49;13;0;14;1;0;35
3170;0;1;49;13;0;14;1;0;35
3180;0;1;49;13;0;14;1;0;35
3190;0;1;49;13;0;14;1;0;35
3200;0;1;49;13;0;14;1;0;35
3210;0;1;49;13;0;14;1;0;35
3220;0;1;49;13;0;14;1;0;35
3230;0;1;49;13;0;14;1;0;35
3240;0;1;49;13;0;14;1;0;35
3250;0;1;49;13;0;14;1;0;35
3260;0;1;49;13;0;14;1;0;35
3270;0;1;49;13;0;14;1;0;35
3280;0;1;49;13;0;14;1;0;35
3290;0;1;49;13;0;14;1;0;35
3300;0;1;49;13;0;14;1;0;35
3310;0;1;49;13;0;14;1;0;35
3320;0;1;49;13;0;13;1;0;36
3330;1;0;49;11;2;11;1;0;38
3340;1;0;49;11;2;11;1;0;38
3350;2;0;49;11;1;11;1;0;38
3360;2;0;49;11;1;11;1;0;38
3370;2;0;49;11;1;11;1;0;38
3380;2;0;49;12;0;11;1;0;38
3390;2;0;49;12;0;11;1;0;38
3400;2;0;49;12;0;11;1;0;38
3410;2;0;49;11;1;11;1;0;38
3420;2;0;49;12;0;11;1;0;38
3430;2;0;49;12;0;11;1;0;38
3440;2;0;49;12;0;11;1;0;38
3450;2;0;49;11;1;11;1;0;38
3460;2;0;49;11;1;11;1;0;38
3470;2;0;49;11;1;11;1;0;38
3480;2;0;49;11;1;11;1;0;38
3490;2;0;49;12;0;11;1;0;38
3500;2;0;49;11;1;11;1;0;38
3510;2;0;49;12;0;11;1;0;38
3520;2;0;49;11;1;11;1;0;38
3530;2;0;49;12;0;11;1;0;38
3540;2;0;49;11;1;11;1;0;38
3550;2;0;49;11;1;11;1;0;38
3560;2;0;49;11;1;11;1;0;38
3570;2;0;49;11;1;11;1;0;38
3580;2;0;49;11;1;11;1;0;38
3590;2;0;49;11;1;11;1;0;38
3600;2;0;49;12;0;11;1;0;38
3610;2;0;49;12;0;11;1;0;38
3620;2;0;48;12;0;12;1;0;38
3630;2;0;48;12;0;12;1;0;38
3640;2;0;48;12;0;12;1;0;38
3650;2;0;48;12;0;12;1;0;38
3660;2;0;48;12;0;12;1;0;38
3670;2;0;48;12;0;12;1;0;38
3680;2;0;48;12;0;12;1;0;38
3690;2;0;48;12;0;12;1;0;38
3700;2;0;48;12;0;12;1;0;38
3710;2;0;48;12;0;12;1;0;38
3720;2;0;48;12;0;12;1;0;38
3730;2;0;48;12;0;12;1;0;38
3740;2;0;48;12;0;12;1;0;38
3750;2;0;48;12;0;12;1;0;38
3760;2;0;48;12;0;12;1;0;38
3770;2;0;48;12;0;12;1;0;38
3780;2;0;48;12;0;12;1;0;38
3790;2;0;48;12;0;12;1;0;38
3800;2;0;48;12;0;12;1;0;38
3810;2;0;48;12;0;12;1;0;38
3820;2;0;48;12;0;12;1;0;38
3830;2;0;48;11;1;11;1;0;39
3840;2;0;48;12;0;11;1;0;39
3850;2;0;48;11;1;11;1;0;39
3860;2;0;48;11;1;11;1;0;39
3870;2;0;48;10;2;10;1;0;40
3880;2;0;48;10;1;10;2;0;40
3890;2;0;48;10;1;10;2;0;40
3900;3;0;48;9;1;8;2;0;42
3910;4;0;48;9;0;8;2;0;42
3920;4;0;48;8;1;8;2;0;42
3930;4;0;48;8;1;8;2;0;42
3940;4;0;48;9;0;8;2;0;42
3950;4;0;48;9;0;8;2;0;42
3960;4;0;48;8;1;8;2;0;42
3970;4;0;48;9;0;8;2;0;42
3980;4;0;47;9;0;9;2;0;42
3990;4;0;47;9;0;9;2;0;42
4000;4;0;47;9;0;9;2;0;42
4010;4;0;47;9;0;9;2;0;42
4020;4;0;47;9;0;9;2;0;42
4030;4;0;47;9;0;9;2;0;42
4040;4;0;47;9;0;9;2;0;42
4050;4;0;47;9;0;9;2;0;42
4060;4;0;47;9;0;9;2;0;42
4070;4;0;47;9;0;9;2;0;42
4080;4;0;47;9;0;9;2;0;42
4090;4;0;47;8;1;8;2;0;43
4100;4;0;47;9;0;8;2;0;43
4110;4;0;47;8;1;8;2;0;43
4120;4;0;47;8;1;8;2;0;43
4130;4;0;47;9;0;8;2;0;43
4140;4;0;47;7;1;7;3;0;44
4150;4;0;47;7;1;7;3;0;44
4160;4;0;47;7;1;7;3;0;44
4170;4;0;47;8;0;7;3;0;44
4180;4;0;47;7;1;7;3;0;44
4190;4;0;47;7;1;7;3;0;44
4200;4;0;47;8;0;7;3;0;44
4210;4;0;46;8;0;8;3;0;44
4220;4;0;46;8;0;8;3;0;44
4230;4;0;46;8;0;7;3;0;45
4240;4;0;46;7;1;7;3;0;45
4250;4;0;46;7;1;7;3;0;45
4260;4;0;45;8;0;8;3;0;45
4270;4;0;45;6;1;6;4;0;47
4280;4;0;45;6;1;6;4;0;47
4290;4;0;44;7;0;7;4;0;47
4300;4;0;44;7;0;7;4;0;47
4310;4;0;44;7;0;7;4;0;47
4320;4;0;44;7;0;7;4;0;47
4330;4;0;44;7;0;7;4;0;47
4340;4;0;44;7;0;7;4;0;47
4350;4;0;44;7;0;7;4;0;47
4360;4;0;44;7;0;7;4;0;47
4370;4;0;44;7;0;7;4;0;47
4380;4;0;44;7;0;7;4;0;47
4390;4;0;44;7;0;7;4;0;47
4400;4;0;44;7;0;7;4;0;47
4410;4;0;44;7;0;7;4;0;47
4420;4;0;44;7;0;7;4;0;47
4430;4;0;44;7;0;7;4;0;47
4440;4;0;44;7;0;7;4;0;47
4450;4;0;44;7;0;7;4;0;47
4460;4;0;44;7;0;7;4;0;47
4470;4;0;44;7;0;7;4;0;47
4480;4;0;44;7;0;7;4;0;47
4490;4;0;44;7;0;7;4;0;47
4500;4;0;44;7;0;7;4;0;47
4510;4;0;44;7;0;7;4;0;47
4520;4;0;44;7;0;7;4;0;47
4530;4;0;44;7;0;7;4;0;47
4540;4;0;44;7;0;7;4;0;47
4550;4;0;44;7;0;7;4;0;47
4560;4;0;44;7;0;7;4;0;47
4570;4;0;44;7;0;7;4;0;47
4580;4;0;44;7;0;7;4;0;47
4590;4;0;44;7;0;7;4;0;47
4600;4;0;44;7;0;7;4;0;47
4610;4;0;44;7;0;7;4;0;47
4620;4;0;42;7;0;9;4;0;47
4630;4;0;42;7;0;9;4;0;47
4640;4;0;42;7;0;9;4;0;47
4650;4;0;42;7;0;9;4;0;47
4660;4;0;42;7;0;9;4;0;47
4670;4;0;42;7;0;9;4;0;47
4680;4;0;42;7;0;9;4;0;47
4690;4;0;42;7;0;9;4;0;47
4700;4;0;41;7;0;10;4;0;47
4710;4;0;41;7;0;10;4;0;47
4720;4;0;41;7;0;10;4;0;47
4730;4;0;41;7;0;10;4;0;47
4740;4;0;41;7;0;10;4;0;47
4750;4;0;41;7;0;10;4;0;47
4760;4;0;41;7;0;10;4;0;47
4770;4;0;41;7;0;10;4;0;47
4780;4;0;41;7;0;10;4;0;47
4790;4;0;41;7;0;10;4;0;47
4800;4;0;41;7;0;10;4;0;47
4810;4;0;41;7;0;10;4;0;47
4820;4;0;41;7;0;10;4;0;47
4830;4;0;41;7;0;10;4;0;47
4840;4;0;41;7;0;10;4;0;47
4850;4;0;41;7;0;10;4;0;47
4860;4;0;41;7;0;10;4;0;47
4870;4;0;41;7;0;10;4;0;46
4880;4;0;41;7;0;10;4;0;46
4890;4;0;41;7;0;10;4;0;46
4900;4;0;41;7;0;10;4;0;46
4910;4;0;41;7;0;10;4;0;45
4920;4;0;41;7;0;10;4;0;45
4930;4;0;39;7;0;12;4;0;45
4940;4;0;38;7;0;13;4;0;45
4950;4;0;36;7;0;15;4;0;45
4960;4;0;36;7;0;15;4;0;45
4970;4;0;36;7;0;15;4;0;45
4980;4;0;36;7;0;15;4;0;45
4990;4;0;36;7;0;15;4;0;45
5000;4;0;36;7;0;15;4;0;45
5010;4;0;36;7;0;15;4;0;45
5020;4;0;36;7;0;15;4;0;45
5030;4;0;36;7;0;15;4;0;45
5040;4;0;36;7;0;15;4;0;45
5050;4;0;36;7;0;15;4;0;45
5060;4;0;36;7;0;15;4;0;45
5070;4;0;36;7;0;15;4;0;45
5080;4;0;36;7;0;15;4;0;45
5090;4;0;36;7;0;15;4;0;45
5100;4;0;36;7;0;15;4;0;45
5110;4;0;36;7;0;15;4;0;45
5120;4;0;36;7;0;15;4;0;45
5130;4;0;36;7;0;15;4;0;45
5140;4;0;36;7;0;15;4;0;45
5150;4;0;36;7;0;15;4;0;45
5160;4;0;36;7;0;15;4;0;45
5170;4;0;36;7;0;15;4;0;45
5180;4;0;36;7;0;15;4;0;45
5190;4;0;36;7;0;15;4;0;45
5200;4;0;36;7;0;15;4;0;45
5210;4;0;36;7;0;15;4;0;45
5220;4;0;36;7;0;15;4;0;45
5230;4;0;36;7;0;15;4;0;45
5240;4;0;36;7;0;15;4;0;45
5250;4;0;34;7;0;17;4;0;45
5260;4;0;34;7;0;17;4;0;43
5270;4;0;32;7;0;19;4;0;43
5280;4;0;32;7;0;19;4;0;43
5290;4;0;32;7;0;19;4;0;43
5300;4;0;32;7;0;19;4;0;43
5310;4;0;32;7;0;19;4;0;43
5320;4;0;32;7;0;19;4;0;43
5330;4;0;32;7;0;19;4;0;43
5340;4;0;32;7;0;19;4;0;43
5350;4;0;32;7;0;19;4;0;43
5360;4;0;32;7;0;19;4;0;43
5370;4;0;32;7;0;18;4;0;44
5380;4;0;32;7;0;18;4;0;44
5390;4;0;32;7;0;18;4;0;44
5400;4;0;32;7;0;18;4;0;44
5410;4;0;32;7;0;18;4;0;44
5420;4;0;32;7;0;17;4;0;45
5430;4;0;32;7;0;17;4;0;45
5440;4;0;32;7;0;17;4;0;45
5450;4;0;32;7;0;17;4;0;45
5460;4;0;32;7;0;17;4;0;45
5470;4;0;32;7;0;17;4;0;45
5480;4;0;32;7;0;17;4;0;45
5490;4;0;32;7;0;17;4;0;45
5500;4;0;32;7;0;17;4;0;45
5510;4;0;32;7;0;17;4;0;45
5520;4;0;32;7;0;17;4;0;45
5530;4;0;32;7;0;17;4;0;45
5540;4;0;32;7;0;15;4;0;47
5550;4;0;32;7;0;15;4;0;47
5560;4;0;32;7;0;15;4;0;47
5570;4;0;32;7;0;15;4;0;47
5580;4;0;32;7;0;15;4;0;47
5590;4;0;32;7;0;15;4;0;47
5600;4;0;32;7;0;15;4;0;47
5610;4;0;32;7;0;15;4;0;47
5620;4;0;32;7;0;15;4;0;47
5630;4;0;32;7;0;15;4;0;47
5640;4;0;32;7;0;15;4;0;47
5650;4;0;32;7;0;15;4;0;47
5660;4;0;32;7;0;15;4;0;47
5670;4;0;32;7;0;15;4;0;47
5680;4;0;32;7;0;15;4;0;47
5690;4;0;32;7;0;15;4;0;47
5700;4;0;32;7;0;15;4;0;47
5710;4;0;32;7;0;15;4;0;47
5720;4;0;32;7;0;15;4;0;47
5730;4;0;32;7;0;15;4;0;47
5740;4;0;32;7;0;15;4;0;47
5750;4;0;32;7;0;15;4;0;47
5760;4;0;32;7;0;15;4;0;47
5770;4;0;32;7;0;15;4;0;47
5780;4;0;32;7;0;15;4;0;47
5790;4;0;32;7;0;15;4;0;47
5800;4;0;32;7;0;15;4;0;47
5810;4;0;32;7;0;15;4;0;47
5820;4;0;32;7;0;15;4;0;47
5830;4;0;30;7;0;17;4;0;46
5840;4;0;30;7;0;17;4;0;45
5850;4;0;30;7;0;17;4;0;45
5860;4;0;30;7;0;17;4;0;45
5870;4;0;30;7;0;17;4;0;45
5880;4;0;30;7;0;17;4;0;45
5890;4;0;30;7;0;16;4;0;46
5900;4;0;30;7;0;16;4;0;46
5910;4;0;30;7;0;16;4;0;46
5920;4;0;30;7;0;16;4;0;46
5930;4;0;30;7;0;16;4;0;46
5940;4;0;30;7;0;16;4;0;46
5950;4;0;30;7;0;16;4;0;46
5960;4;0;30;7;0;16;4;0;46
5970;4;0;30;7;0;16;4;0;46
5980;4;0;30;7;0;16;4;0;46
5990;4;0;30;7;0;16;4;0;46
6000;4;0;80;7;0;16;4;0;46
6010;4;0;80;7;0;16;4;0;46
6020;4;0;80;7;0;16;4;0;46
6030;4;0;80;7;0;16;4;0;46
6040;4;0;80;7;0;16;4;0;46
6050;4;0;80;7;0;16;4;0;46
6060;4;0;80;7;0;16;4;0;46
6070;4;0;80;7;0;16;4;0;46
6080;4;0;80;7;0;16;4;0;46
6090;4;0;80;7;0;16;4;0;46
6100;4;0;80;7;0;16;4;0;46
6110;4;0;80;7;0;16;4;0;46
6120;4;0;80;7;0;16;4;0;46
6130;4;0;80;7;0;14;4;0;48
6140;4;0;80;7;0;14;4;0;48
6150;4;0;79;7;0;15;4;0;48
6160;4;0;79;7;0;15;4;0;48
6170;4;0;79;7;0;15;4;0;48
6180;4;0;79;7;0;15;4;0;48
6190;4;0;79;7;0;15;4;0;48
6200;4;0;79;7;0;15;4;0;48
6210;4;0;79;7;0;15;4;0;48
6220;4;0;79;7;0;15;4;0;48
6230;4;0;79;7;0;15;4;0;48
6240;4;0;79;7;0;15;4;0;48
6250;4;0;79;7;0;15;4;0;48
6260;4;0;79;7;0;15;4;0;48
6270;4;0;79;7;0;15;4;0;48
6280;4;0;79;7;0;15;4;0;48
6290;4;0;79;7;0;15;4;0;48
6300;4;0;79;7;0;15;4;0;48
6310;4;0;79;7;0;15;4;0;48
6320;4;0;79;7;0;15;4;0;48
6330;4;0;79;7;0;15;4;0;48
6340;4;0;79;7;0;13;4;0;50
6350;4;0;79;7;0;13;4;0;50
6360;4;0;79;7;0;13;4;0;50
6370;4;0;79;7;0;13;4;0;50
6380;4;0;79;7;0;13;4;0;50
6390;4;0;79;7;0;13;4;0;50
6400;4;0;79;7;0;13;4;0;50
6410;4;0;79;7;0;13;4;0;50
6420;4;0;79;7;0;13;4;0;50
6430;4;0;79;7;0;13;4;0;50
6440;4;0;79;7;0;13;4;0;50
6450;4;0;79;7;0;13;4;0;50
6460;4;0;79;7;0;13;4;0;50
6470;4;0;79;7;0;13;4;0;50
6480;4;0;79;7;0;13;4;0;50
6490;4;0;79;7;0;13;4;0;50
6500;4;0;79;7;0;13;4;0;50
6510;4;0;79;7;0;13;4;0;50
6520;4;0;78;7;0;14;4;0;50
6530;4;0;78;7;0;14;4;0;50
6540;4;0;78;7;0;14;4;0;50
6550;4;0;78;7;0;14;4;0;50
6560;4;0;78;7;0;14;4;0;50
6570;4;0;78;7;0;14;4;0;50
6580;4;0;78;7;0;14;4;0;50
6590;4;0;78;7;0;14;4;0;50
6600;4;0;78;7;0;13;4;0;51
6610;4;0;78;7;0;13;4;0;51
6620;4;0;78;7;0;13;4;0;51
6630;4;0;78;7;0;13;4;0;51
6640;4;0;78;7;0;13;4;0;51
6650;4;0;78;7;0;13;4;0;51
6660;4;0;78;7;0;13;4;0;51
6670;4;0;78;7;0;13;4;0;51
6680;4;0;78;7;0;13;4;0;51
6690;4;0;78;7;0;13;4;0;51
6700;4;0;78;7;0;13;4;0;51
6710;4;0;78;7;0;13;4;0;51
6720;4;0;78;7;0;13;4;0;51
6730;4;0;78;7;0;13;4;0;51
6740;4;0;78;7;0;13;4;0;51
6750;4;0;78;7;0;13;4;0;51
6760;4;0;78;7;0;13;4;0;51
6770;4;0;78;7;0;13;4;0;51
6780;4;0;78;7;0;13;4;0;51
6790;4;0;78;7;0;13;4;0;51
6800;4;0;78;7;0;13;4;0;51
6810;4;0;78;7;0;13;4;0;51
6820;4;0;78;7;0;13;4;0;49
6830;4;0;78;7;0;13;4;0;49
6840;4;0;78;7;0;13;4;0;49
6850;4;0;77;7;0;14;4;0;49
6860;4;0;77;7;0;14;4;0;49
6870;4;0;77;7;0;14;4;0;49
6880;4;0;77;7;0;14;4;0;49
6890;4;0;77;7;0;14;4;0;49
6900;4;0;77;7;0;14;4;0;49
6910;4;0;77;7;0;14;4;0;49
6920;4;0;77;7;0;14;4;0;49
6930;4;0;77;7;0;14;4;0;49
6940;4;0;77;7;0;14;4;0;49
6950;4;0;77;7;0;14;4;0;49
6960;4;0;77;7;0;14;4;0;49
6970;4;0;76;7;0;15;4;0;49
6980;4;0;76;7;0;15;4;0;49
6990;4;0;76;7;0;15;4;0;49
7000;4;0;76;7;0;15;4;0;49
7010;4;0;76;7;0;15;4;0;49
7020;4;0;76;7;0;15;4;0;49
7030;4;0;76;7;0;15;4;0;49
7040;4;0;76;7;0;15;4;0;49
7050;4;0;76;7;0;15;4;0;49
7060;4;0;76;7;0;15;4;0;49
7070;4;0;76;7;0;15;4;0;49
7080;4;0;76;7;0;15;4;0;49
7090;4;0;76;7;0;15;4;0;49
7100;4;0;76;7;0;15;4;0;49
7110;4;0;74;7;0;17;4;0;49
7120;4;0;74;7;0;17;4;0;49
7130;4;0;74;7;0;17;4;0;49
7140;4;0;74;7;0;17;4;0;49
7150;4;0;74;7;0;17;4;0;49
7160;4;0;74;7;0;17;4;0;49
7170;4;0;74;7;0;17;4;0;49
7180;4;0;73;7;0;18;4;0;49
7190;4;0;73;7;0;18;4;0;49
7200;4;0;73;7;0;18;4;0;49
7210;4;0;73;7;0;18;4;0;49
7220;4;0;73;7;0;18;4;0;49
7230;4;0;73;7;0;18;4;0;49
7240;4;0;73;7;0;18;4;0;49
7250;4;0;73;7;0;18;4;0;49
7260;4;0;73;7;0;18;4;0;49
7270;4;0;73;7;0;18;4;0;49
7280;4;0;73;7;0;18;4;0;49
7290;4;0;73;7;0;18;4;0;49
7300;4;0;73;7;0;18;4;0;48
7310;4;0;73;7;0;18;4;0;48
7320;4;0;73;7;0;18;4;0;48
7330;4;0;73;7;0;18;4;0;48
7340;4;0;73;7;0;18;4;0;48
7350;4;0;73;7;0;18;4;0;48
7360;4;0;73;7;0;18;4;0;48
7370;4;0;73;7;0;18;4;0;48
7380;4;0;73;7;0;18;4;0;48
